Spatial Barcode,UMI Corrected,Uncorrected Count,Locus,V,D,J,CDR3_aa
GCACTAGTCGCGCTAT,2.0,2.0,TRB,TRBV7-2*01,TRBD1*01,TRBJ1-1*01,QQLPGQGTEAF
TCGCATCCCTAAGTGT,2.0,2.0,TRB,TRBV25-1*01,TRBD2*02,TRBJ2-3*01,QQ*GGRTRYAV
GCACTAGTCGCGCTAT,2.0,2.0,TRB,TRBV7-2*01,TRBD1*01,TRBJ1-1*01,PAASWTGALKLS
CTCCCTCCTTTCGATC,2.0,2.0,TRB,TRBV7-2*01,TRBD2*02,TRBJ2-1*01,QQPQAAGA*AV
TGCTCTTGAGAGTTTG,2.0,2.0,TRB,TRBV7-3*01,TRBD1*01,TRBJ1-1*01,PAA*PLSDSRTLKLS
TGCTCTTGAGAGTTTG,2.0,2.0,TRB,TRBV7-3*01,TRBD1*01,TRBJ1-1*01,QQLNPCPTAEH*SF
TTATGCGTCCCGGTCC,1.0,1.0,TRB,TRBV27*01,TRBD1*01,TRBJ1-4*01,ASSPDSPNETV
CGTTGTAAGATTGATT,1.0,1.0,TRB,TRBV25-1*01,TRBD1*01,TRBJ2-1*01,QYGPAVPSRSGLPPQ*LPDNA*AAA*GSRPPSGRTPATTLRCQVQF
CGTCGGGTCTAAGCGC,1.0,1.0,TRB,TRBV24-1*01,TRBD2*01,TRBJ2-3*01,HQCPSGEHRYAY
TGTACGAACAAATCCG,1.0,1.0,TRB,TRBV24-1*01,TRBD2*02,TRBJ1-4*01,*MTS*ICCL*ASFVKIVNSS*NV
GCCGGGTTAGGGTCGC,1.0,1.0,TRB,TRBV24-1*01,TRBD2*02,TRBJ1-5*01,FGAGDLFLCWG*RCPLAPTHSSRPALSTQAPAPNPQPQ
GACTAAGATCATGCAC,1.0,1.0,TRB,TRBV25-1*01,TRBD1*01,TRBJ1-1*01,VFIVDIKTNKHTRLNRL*RSCMTLRSGQGQHLIRPDGEKKAYVRLAPDYDA
GAAATTGTCTCTATAA,1.0,1.0,TRB,TRBV25-1*01,TRBD1*01,TRBJ1-2*01,QVSPLS*GPSISSQQLSI*KPCCNPTTPLRLTVLFTAAPFPPISQSQSAGITTFTNRLQPQTT
CACCATGATCGCAAAG,1.0,1.0,TRB,TRBV25-1*01,TRBD1*01,TRBJ2-4*01,RSLCSLYSVGKDGVQKTPLQALRGAGPGRKPK
GGTGCGGATAAGTGGC,1.0,1.0,TRB,TRBV26/OR9-2*01,TRBD1*01,TRBJ2-2*01,ACSSCKCKVQMHLLQEELLLLLPPWGHAKCAHGCVCKGT
TTATGCGTCCCGGTCC,1.0,1.0,TRB,TRBV27*01,TRBD1*01,TRBJ1-4*01,ASSPDSPNVKNC
TCGCATCCCTAAGTGT,1.0,1.0,TRB,TRBV25-1*01,TRBD2*02,TRBJ2-3*01,AGRR*GGRPDTA
AAGTGAGTCGGGTTTA,1.0,1.0,TRB,TRBV24-1*01,TRBD1*01,TRBJ1-3*01,VKDPPQFKDKGADLLIISELCKHH
TCGCATCCCTAAGTGT,1.0,1.0,TRB,TRBV25-1*01,TRBD2*02,TRBJ2-3*01,ASSEREDQVHD
TCGCATCCCTAAGTGT,1.0,1.0,TRB,TRBV25-1*01,TRBD2*02,TRBJ2-3*01,PAVRREDQIRAV
TCGCATCCCTAAGTGT,1.0,1.0,TRB,TRBV25-1*01,TRBD2*02,TRBJ2-3*01,PAVRREDQIRS
CATACTATGTAATTGT,1.0,1.0,TRB,TRBV24-1*01,TRBD1*01,TRBJ2-5*01,TMGDLHRDVPQ**ITKKCSLTVE*INMVYFIGYSLRAGRGDVNFRG*PR
GGACCTACGGTAACGT,1.0,1.0,TRB,TRBV27*01,TRBD1*01,TRBJ1-4*01,DVEEEPPARWTRATSCTVNLGTRADATGMWVSEGPPNRTATFSGLPRDIIENYLYE**K
AGCGCTAGAGCGATGT,1.0,1.0,TRB,TRBV23-1*01,TRBD2*01,TRBJ1-5*01,AGTTGVSYPA
AGATTCAAGCGGGTCG,1.0,1.0,TRB,TRBV21-1*01,TRBD1*01,TRBJ1-3*01,ASSG*ADRGRNT
AGATTCAAGCGGGTCG,1.0,1.0,TRB,TRBV21-1*01,TRBD1*01,TRBJ1-3*01,ASSIVELDRR*NTIY
AGATTCAAGCGGGTCG,1.0,1.0,TRB,TRBV21-1*01,TRBD1*01,TRBJ1-3*01,MVELDRGIETPYV
AGATTCAAGCGGGTCG,1.0,1.0,TRB,TRBV21-1*01,TRBD1*01,TRBJ1-3*01,PAA*FALTGENGTPA
AGATTCAAGCGGGTCG,1.0,1.0,TRB,TRBV21-1*01,TRBD1*01,TRBJ1-3*01,PAAWLSSTGEWKHH
AGATTCAAGCGGGTCG,1.0,1.0,TRB,TRBV21-1*01,TRBD1*01,TRBJ1-3*01,QHG*ARQGNGNTIY
AGATTCAAGCGGGTCG,1.0,1.0,TRB,TRBV21-1*01,TRBD1*01,TRBJ1-3*01,QQHG*A*QGNETLHI
AGATTCAAGCGGGTCG,1.0,1.0,TRB,TRBV21-1*01,TRBD1*01,TRBJ1-3*01,QQHG*AQ*GNGNTIY
AGATTCAAGCGGGTCG,1.0,1.0,TRB,TRBV21-1*01,TRBD1*01,TRBJ1-3*01,QQHGLSSTGEWKHHI
AGATTCAAGCGGGTCG,1.0,1.0,TRB,TRBV21-1*01,TRBD1*01,TRBJ1-3*01,QQHGWSSTGEWKHHI
AGATTCAAGCGGGTCG,1.0,1.0,TRB,TRBV21-1*01,TRBD1*01,TRBJ1-3*01,SSMVELDRVETPY
AGATTCAAGCGGGTCG,1.0,1.0,TRB,TRBV21-1*01,TRBD1*01,TRBJ1-3*01,VCY*DGGMKHHI
CCAGCTGATGGTACTT,1.0,1.0,TRB,TRBV23-1*01,TRBD1*01,TRBJ1-1*01,PE*S
TAATATTGAAATTCGC,1.0,1.0,TRB,TRBV23-1*01,TRBD1*01,TRBJ2-4*01,FLHLPISPAQPCAGALQLECWPDFCNKHLWFAAK
CACCTTGCGAAACTCG,1.0,1.0,TRB,TRBV23-1*01,TRBD1*01,TRBJ2-6*01,TQDREPFL*LEPSETMQ*ERNRAVCLLLQSLKIEGREDSLP*CSTTYHGVEVDLEGGA
TCTTGGTCAATGATAC,1.0,1.0,TRB,TRBV23-1*01,TRBD2*01,TRBJ1-2*01,NPSRDVEEEPPARQTEP*LH
CTCTCACAATCGATGA,1.0,1.0,TRB,TRBV23-1*01,TRBD2*01,TRBJ1-3*01,PFHPCFSVQRY
CTGATAGTGTATCTCA,1.0,1.0,TRB,TRBV27*01,TRBD1*01,TRBJ1-4*01,DVEEEPPARWT*ATSCTVNLGTPRRCHRPVALTDPPIGLHEFLPVWPGIDGRKLFV*IMK
TATATTACAAATGTCG,1.0,1.0,TRB,TRBV27*01,TRBD1*01,TRBJ1-4*01,MWRKSHLQDGHEPQAAL*TWALRADATGPWVSADPPIGLPPPPVCPGYYRKLFV*IMK
CACACGCGCTGTCTTA,1.0,1.0,TRB,TRBV20-1*07,TRBD1*01,TRBJ1-4*01,C*KTGGKTV
TCCTTACGACGGTCCG,1.0,1.0,TRB,TRBV30*01,TRBD1*01,TRBJ1-6*01,VLHCAVGSVCHQSP*DPCGASPHAVLVSALCWIRAMVKRKDFQGSPGAELGASNPLYSPIHIPLLPALLKSCLH
TCACGTGCCCGATTCA,1.0,1.0,TRB,TRBV3-1*01,TRBD1*01,TRBJ1-2*01,FSGAPDT
TGCGACGGCCGAACGT,1.0,1.0,TRB,TRBV3-1*01,TRBD2*01,TRBJ1-4*01,EHYCKKK*TPPQHYPGPRSPETTESPSSVSGWRGETVSRSTGESVHGREAALTLPLP*MSGVTSSNKGTEGWQQ
AATAACGTCGCGCCCA,1.0,1.0,TRB,TRBV3-1*01,TRBD2*01,TRBJ2-7*01,VTDPVSYQ
CCGGAATGGTTTCAGT,1.0,1.0,TRB,TRBV3-1*01,TRBD2*02,TRBJ1-4*01,VCRWLSARYGEGVTLQNGRVTRPLAAEHQLFTCPASLPRILYSISISSGVSVPWC
TCTGAACTCGTACCCG,1.0,1.0,TRB,TRBV30*01,TRBD1*01,TRBJ1-1*01,LINNP*TLARPNTNLARSLESGFEVFLLFCLAAV*LINSF
TATAAATCCACAAGCT,1.0,1.0,TRB,TRBV30*01,TRBD1*01,TRBJ1-3*01,GVLPARGPVCHHPHEILLGKATLYAVLVSASVLMGCVVKRKDWKAASG
TTCTGCGAGCGCCCTT,1.0,1.0,TRB,TRBV30*01,TRBD1*01,TRBJ1-4*01,GKNRIAPACN*
TGTCCTAAGTCACCGC,1.0,1.0,TRB,TRBV30*01,TRBD1*01,TRBJ1-4*01,R*R*SRGYWIPSLVRYQ*KCLQANC
CCCTCATTCTGGAATT,1.0,1.0,TRB,TRBV30*01,TRBD1*01,TRBJ2-4*01,HTLPGSCVPG*VKI*EDLCKYMKI*YKN*QSKSVCK*QHRTQNPKN
TAATAAACAAGGAGAT,1.0,1.0,TRB,TRBV29-1*01,TRBD2*02,TRBJ1-1*01,AWKSAGTLEAF
AACCCTACTGTCAATA,1.0,1.0,TRB,TRBV30*01,TRBD2*01,TRBJ1-1*01,*QGPRSTGAPSCLS*HEGRGLCSQQVD*
CTTCTATGTTGAAGTA,1.0,1.0,TRB,TRBV4-1*01,TRBD1*01,TRBJ1-3*01,QCCDDEAVFRVKRLKTFYPVVLTRIDATKSSFRSDI*FDETDL
ACACTGATCAAGGTGT,1.0,1.0,TRB,TRBV4-1*01,TRBD2*01,TRBJ2-3*01,LP*HWAH*ITCSISFFLQPSSNAV
AAGCCGCCGTGAAATC,1.0,1.0,TRB,TRBV4-1*01,TRBD2*02,TRBJ2-5*01,SGRSHF*WLVATQVEPHVPGPLQRLTWSQTKV*PPFARILIAQRTLWTRTCDGSARD
GAATGTTGGGTAATCT,1.0,1.0,TRB,TRBV4-2*01,TRBD1*01,TRBJ1-4*01,TDGKGRRGLRCQWIL
GTGAAACGTGCTCCAC,1.0,1.0,TRB,TRBV4-2*01,TRBD1*01,TRBJ1-6*01,NNSARALIYFS
CTAGACATATATGTAG,1.0,1.0,TRB,TRBV4-2*01,TRBD1*01,TRBJ2-3*01,PAASRT*QGQCLIRS
CTAGACATATATGTAG,1.0,1.0,TRB,TRBV4-2*01,TRBD1*01,TRBJ2-3*01,SSLRGGRRAVTDTQY
GATCTTGGAGGGCATA,1.0,1.0,TRB,TRBV3-1*01,TRBD1*01,TRBJ1-1*01,TVLIFWIKFTQHLCIHLIAIFPEGHCILQH*QRVVSLSLFLITSFEILKAFGEA
GGTCCACGTCTATTTG,1.0,1.0,TRB,TRBV29-1*01,TRBD2*01,TRBJ1-1*01,SVEVSGNTEAF
TTATGCGTCCCGGTCC,1.0,1.0,TRB,TRBV27*01,TRBD1*01,TRBJ1-4*01,QPLDSLMKNC
TGCCTGACATCGGTCA,1.0,1.0,TRB,TRBV27*01,TRBD2*02,TRBJ2-1*01,ASRPEAIGYNEQF
ATACGTTATGCACGGA,1.0,1.0,TRB,TRBV27*01,TRBD1*01,TRBJ1-4*01,QQPRQP**KTV
TTATGCGTCCCGGTCC,1.0,1.0,TRB,TRBV27*01,TRBD1*01,TRBJ1-4*01,QQPRQP**KTV
TTATGCGTCCCGGTCC,1.0,1.0,TRB,TRBV27*01,TRBD1*01,TRBJ1-4*01,QQPRQPLFANC
TTATGCGTCCCGGTCC,1.0,1.0,TRB,TRBV27*01,TRBD1*01,TRBJ1-4*01,QQPRQPNEKLF
ACTTTACCCTCATGAA,1.0,1.0,TRB,TRBV27*01,TRBD1*01,TRBJ1-4*01,SPDSPNGKLF
GTGCGGGTCTCCAAAT,1.0,1.0,TRB,TRBV27*01,TRBD1*01,TRBJ1-4*01,TFLWQRGREWPCT*TAGDYLICFV
AGGAGGCCTTCGCGCG,1.0,1.0,TRB,TRBV27*01,TRBD1*01,TRBJ2-2P*01,TLPLLRGPRPPP*GERREKSMCFWESRRTMKDGMFTTCLRTLIWRWRISTRAWWSGLGQAH*QRPGSCGR
AAATGGTCAATGTGCC,1.0,1.0,TRB,TRBV27*01,TRBD1*01,TRBJ2-4*01,SKAKVLGQ*Q*DKEEKH
CAGTCTCTCGGCTAAT,1.0,1.0,TRB,TRBV28*01,TRBD1*01,TRBJ2-2*01,GMVWSC
CGGTTCCGGCTTCTTG,1.0,1.0,TRB,TRBV29-1*01,TRBD2*01,TRBJ1-1*01,RGSRRGRLS
TAGACGCCCGTACCGG,1.0,1.0,TRB,TRBV28*01,TRBD1*01,TRBJ2-4*01,AFPRCLTGVLFCLQPSPFNQPLP*KQSYPRQKH
AGGGCGTGATCGGCTA,1.0,1.0,TRB,TRBV28*01,TRBD1*01,TRBJ2-4*01,LPRCLTGVLFCLQPPPHSTNHCLKNKATPGKN
TCCTCTGGCCCATTAG,1.0,1.0,TRB,TRBV28*01,TRBD1*01,TRBJ2-4*01,SIRI*FWCAILCTH*DLYFMNSKN
TGGCTTTGGGTAGACA,1.0,1.0,TRB,TRBV28*01,TRBD2*01,TRBJ2-1*01,ASGSERGALRAV
ACAGTAATACAACTTG,1.0,1.0,TRB,TRBV28*01,TRBD2*02,TRBJ1-5*01,LIFQAYG*IFRRHH*GQEPAHDLYPTYSNSIPCPAPQAESCISP
TGGCTTTGGGTAGACA,1.0,1.0,TRB,TRBV28*01,TRBD2*02,TRBJ2-1*01,PAVRALEGAPTMSSS
TTCGGCAACCCGCTGA,1.0,1.0,TRB,TRBV29-1*01,TRBD1*01,TRBJ2-1*01,QG*GKGHQV*REKGPS
TAATAAACAAGGAGAT,1.0,1.0,TRB,TRBV29-1*01,TRBD1*01,TRBJ2-5*01,SGSSMDTKFSFGARPQLETQ
AGATTCAAGCGGGTCG,1.0,1.0,TRB,TRBV21-1*01,TRBD1*01,TRBJ1-3*01,ASRHEVTELDRVSETIGED
CGGATTCTGCCTTATG,1.0,1.0,TRB,TRBV20-1*05,TRBD2*02,TRBJ2-1*01,Y*THGRWE*AV
GTTGAGTCCCGCCGGT,1.0,1.0,TRB,TRBV20-1*05,TRBD2*02,TRBJ2-3*01,RKSHPGGSGRPQIRS
AGCCGTGGCTAAATGT,1.0,1.0,TRB,TRBV18*01,TRBD2*01,TRBJ1-4*01,SNASSAAHGKNEFAHCMQL
GATGTCCGGATCACAT,1.0,1.0,TRB,TRBV18*01,TRBD2*02,TRBJ1-5*01,GRFTSLRDREDLYA*LFPCLLLQPGGRSLSP
CAAGTGAACTTTGGTT,1.0,1.0,TRB,TRBV18*01,TRBD2*02,TRBJ2-5*01,ASTPVGGAFRCGRSLPGWLKHSDLGWEHRSGPRALSAGCAWAKILCICASLCPRGP
TCTTTAAGACTATGAA,1.0,1.0,TRB,TRBV19*01,TRBD1*01,TRBJ1-2*01,WARVTFPR*LWFCLVCHKE*LCCSLLYIHKRISCPNRILFHLGRKH
ACATGGCGCCAAAGTA,1.0,1.0,TRB,TRBV19*01,TRBD1*01,TRBJ1-3*01,WARITFPQMTLVLFGLPPGVTVLFFALYT*SASLAQIEFCFISRINT
ACCCGATTGGTTCCGA,1.0,1.0,TRB,TRBV19*01,TRBD1*01,TRBJ1-4*01,LFAHITGGVFCDNE
TGCTCACACAACAACC,1.0,1.0,TRB,TRBV19*01,TRBD1*01,TRBJ2-2P*01,GLPLQDLIEDSRQDPLL
TCCCGGTCAGGAATTT,1.0,1.0,TRB,TRBV19*01,TRBD1*01,TRBJ2-2P*01,KVAFPSKIS*RMVADRPLAGKIGGEATVCSTPASALT
GGTCGGTCGTCCACAG,1.0,1.0,TRB,TRBV19*01,TRBD1*01,TRBJ2-3*01,GWPSLAGSHRGWWQTGPLAGRTPR*SPQSALPQASALTIWVTG
AGAGCAGTTATGAGAC,1.0,1.0,TRB,TRBV2*01,TRBD1*01,TRBJ1-2*01,ASSQGA*LWLH
AGAGCAGTTATGAGAC,1.0,1.0,TRB,TRBV2*01,TRBD1*01,TRBJ1-2*01,ASSQGGP*LWPAP
GGCGCTCCTCATCAAT,1.0,1.0,TRB,TRBV2*01,TRBD1*01,TRBJ1-2*01,GILLSPQGWRRSAWQGFRHMA
AGAGCAGTTATGAGAC,1.0,1.0,TRB,TRBV2*01,TRBD1*01,TRBJ1-2*01,QQ*GPLICGYT
CAACTCCAACGTTTAG,1.0,1.0,TRB,TRBV2*01,TRBD1*01,TRBJ1-2*01,QQSGALTMATP
AGAGCAGTTATGAGAC,1.0,1.0,TRB,TRBV2*01,TRBD1*01,TRBJ1-2*01,QQSGAP*PWLH
GACTGCTGGTGAGAAA,1.0,1.0,TRB,TRBV2*01,TRBD2*02,TRBJ2-1*01,ASSLETSGRAGEQF
AGAGCAGTTATGAGAC,1.0,1.0,TRB,TRBV2*02,TRBD1*01,TRBJ1-2*01,SQGPLTMATP
GACTGCTGGTGAGAAA,1.0,1.0,TRB,TRBV2*02,TRBD2*02,TRBJ2-1*01,GNLRNMGGPGSSS
AACCATGGGATCGCTA,1.0,1.0,TRB,TRBV18*01,TRBD2*01,TRBJ2-2*01,PAHRSAPGS
AACCATGGGATCGCTA,1.0,1.0,TRB,TRBV18*01,TRBD1*01,TRBJ2-2*01,PAHHAAGGC
GTTGAGTCCCGCCGGT,1.0,1.0,TRB,TRBV20-1*05,TRBD2*02,TRBJ2-3*01,CRISGGSGSGPDAA
CCACTATCCGGGTCAC,1.0,1.0,TRB,TRBV18*01,TRBD1*01,TRBJ1-5*01,PSGCSGGIWSH*GRAAP*GAESVPAP
CCACTATCCGGGTCAC,1.0,1.0,TRB,TRBV14*01,TRBD2*01,TRBJ2-2*01,GVLPEGGRDPQAAAQAVSGA
ATAGACGAAGAGAAAG,1.0,1.0,TRB,TRBV14*01,TRBD2*02,TRBJ1-3*01,HTWTRALQLEEGVGLLVVKRGWC*RRRTRWGSGNLILSLT
CCTTTAAGGGAGCACT,1.0,1.0,TRB,TRBV14*01,TRBD2*02,TRBJ1-6*01,GFCQKVAETLRRLLRQHLESLRACCLEGLRSVLTPLCTLLPIHP
TTATGCGTCCCGGTCC,1.0,1.0,TRB,TRBV14*01,TRBD2*02,TRBJ1-6*01,GVLPEGGRDPQAAAQAVSGVC*GRAALEGLRVCADPTVHLLPIHP
TCCAATAAAGGCTACC,1.0,1.0,TRB,TRBV15*01,TRBD2*01,TRBJ2-4*01,NSNAQAFVPK
AGGCAGGGAGCGTACT,1.0,1.0,TRB,TRBV15*01,TRBD2*02,TRBJ2-2P*01,RRLSLDV
ATTAGATTGATAGCGG,1.0,1.0,TRB,TRBV16*01,TRBD2*01,TRBJ2-1*01,QSAPS*PLFPPQPYPSY
GTGGTTTCCGCCTTTC,1.0,1.0,TRB,TRBV17*01,TRBD1*01,TRBJ2-2P*01,LLTAG
GGGCCTATTTAAGTAT,1.0,1.0,TRB,TRBV17*01,TRBD2*01,TRBJ1-5*01,VPCGASQHSP
TAAGGCCCGTCACCCT,1.0,1.0,TRB,TRBV17*01,TRBD2*01,TRBJ2-2P*01,*SVSRRPVRASQRR
AGTTAAGTCAACCGCT,1.0,1.0,TRB,TRBV17*02,TRBD2*02,TRBJ1-4*01,EGNVHSQGRLRQPCLCRECQAVTSGNKGTEGWQQ
AGTGGCCCGCAAATGG,1.0,1.0,TRB,TRBV17*02,TRBD2*02,TRBJ1-4*01,GENVHSRGGCGSLASAVNVRQ*QAAIREQRGWQQ
TGCGACGGCCGAACGT,1.0,1.0,TRB,TRBV17*02,TRBD2*02,TRBJ1-4*01,GGMCTAREAAAATLPAVNVGQ*QAAIGNRGGSS
AGTGGCCCGCAAATGG,1.0,1.0,TRB,TRBV17*02,TRBD2*02,TRBJ1-4*01,GGNVHSQGRLRQPCLCRECQAVTSSNKGTEGWQQ
AGCAAAGGCCGCTAGT,1.0,1.0,TRB,TRBV17*02,TRBD2*02,TRBJ1-6*01,DGGGSLWGRKRMCTAREAAAALPLP*MSGSDKQQ*GNRGVAAVFNNFENLNHKFR*NQLVALPRGAQRVVAAFTPP
CTCCTAAGTTATGTCT,1.0,1.0,TRB,TRBV17*02,TRBD2*02,TRBJ2-3*01,EGMCTARRLQQPCLCRECQAVTSSNKGTEGWQQC
GCTGGTGACTCGTAGT,1.0,1.0,TRB,TRBV18*01,TRBD1*01,TRBJ1-4*01,NPVTIFSLSN**
AGAGCAGTTATGAGAC,1.0,1.0,TRB,TRBV2*03,TRBD1*01,TRBJ1-2*01,RSGGP*LWLH
GACAGGCACACACTAT,1.0,1.0,TRB,TRBV20-1*01,TRBD1*01,TRBJ1-2*01,EAWSWVFCAHCSPTPRRCHWDRSL*PGRSGG*PGWSSSSRDGGRVYT
AGTGAGGGTTTCTGAC,1.0,1.0,TRB,TRBV20-1*01,TRBD1*01,TRBJ1-3*01,SAAVSGARRRG*FQTYER*GRKH
CACACGCGCTGTCTTA,1.0,1.0,TRB,TRBV20-1*01,TRBD1*01,TRBJ1-4*01,C*KTGGKTV
GCATACGAGGTCTTTA,1.0,1.0,TRB,TRBV20-1*05,TRBD1*01,TRBJ1-6*01,CSRPHWHRNSSST
CGGATTCTGCCTTATG,1.0,1.0,TRB,TRBV20-1*05,TRBD1*01,TRBJ2-1*01,VLDSQEMGMSSS
TAGTGAGAAGTGGTTG,1.0,1.0,TRB,TRBV20-1*05,TRBD1*01,TRBJ2-3*01,C*TQVS*YAV
TAGTGAGAAGTGGTTG,1.0,1.0,TRB,TRBV20-1*05,TRBD1*01,TRBJ2-3*01,LDTGLMIRS
ATCAGAAGCTGGTTGC,1.0,1.0,TRB,TRBV20-1*05,TRBD1*01,TRBJ2-3*01,VLDTGLMIQY
CACACGCGCTGTCTTA,1.0,1.0,TRB,TRBV20-1*05,TRBD2*01,TRBJ1-4*01,C*KTGKGI
CGGATTCTGCCTTATG,1.0,1.0,TRB,TRBV20-1*05,TRBD2*01,TRBJ2-1*01,SARLARWDE
GGCCTTTGCAACTGGC,1.0,1.0,TRB,TRBV20-1*05,TRBD2*01,TRBJ2-5*01,CCSGD*HPSRRPVP
GAAATATCACCATCAG,1.0,1.0,TRB,TRBV20-1*05,TRBD2*01,TRBJ2-5*01,LSLGLAPSRDPV
GAAATATCACCATCAG,1.0,1.0,TRB,TRBV20-1*05,TRBD2*01,TRBJ2-5*01,SAARGLAPSRRPT
GAAATATCACCATCAG,1.0,1.0,TRB,TRBV20-1*05,TRBD2*01,TRBJ2-5*01,VLLRGLAPIKAMY
CTAGTCACGTCTTAAG,1.0,1.0,TRB,TRBV20-1*05,TRBD2*02,TRBJ2-1*01,C*THGRWE*AV
CTAGTCACGTCTTAAG,1.0,1.0,TRB,TRBV20-1*05,TRBD2*02,TRBJ2-1*01,C*TRGRWE*AEKF
CTAGTCACGTCTTAAG,1.0,1.0,TRB,TRBV20-1*05,TRBD2*02,TRBJ2-1*01,SARLAGDGNEQF
CGGATTCTGCCTTATG,1.0,1.0,TRB,TRBV20-1*05,TRBD2*02,TRBJ2-1*01,VLDSREMGIGSS
ACGTTCTGTACAAGTC,1.0,1.0,TRB,TRBV20-1*05,TRBD2*02,TRBJ2-1*01,VLDSREMGMKAV
AGAACGTGGTACATTC,1.0,1.0,TRB,TRBV4-2*01,TRBD2*01,TRBJ1-4*01,*LRYILKISTMNIHST*TYFTF*MTPFGHINI*IC
CACACGCGCTGTCTTA,1.0,1.0,TRB,TRBV20-1*05,TRBD1*01,TRBJ1-4*01,SVKKQGEEKLF
CACACGCGCTGTCTTA,1.0,1.0,TRB,TRBV20-1*05,TRBD1*01,TRBJ1-4*01,SGAAGGKTV
CACACGCGCTGTCTTA,1.0,1.0,TRB,TRBV20-1*05,TRBD1*01,TRBJ1-4*01,C*KTGGKNC
GAAATATCACCATCAG,1.0,1.0,TRB,TRBV20-1*02,TRBD2*01,TRBJ2-5*01,SAAPRPSTRQETQY
GGAGGGCTTGGTTGGC,1.0,1.0,TRB,TRBV20-1*01,TRBD1*01,TRBJ1-6*01,HRFCSGG*GPSSPL
TATATTACAAATGTCG,1.0,1.0,TRB,TRBV20-1*01,TRBD2*01,TRBJ2-1*01,DEPDLLYSMYHFYCHN*HIDSTSLYLLTTQLSIN*PWPSPYEQ
CTAGTCACGTCTTAAG,1.0,1.0,TRB,TRBV20-1*01,TRBD2*01,TRBJ2-1*01,VAPFAGRWE*AGS
GTTGAGTCCCGCCGGT,1.0,1.0,TRB,TRBV20-1*01,TRBD2*02,TRBJ2-3*01,RAPYPGGSVRPRYAC
CACACGCGCTGTCTTA,1.0,1.0,TRB,TRBV20-1*02,TRBD1*01,TRBJ1-4*01,*KTGEKLF
TAGTGAGAAGTGGTTG,1.0,1.0,TRB,TRBV20-1*02,TRBD1*01,TRBJ2-3*01,VRHRSHDTR
GAAATATCACCATCAG,1.0,1.0,TRB,TRBV20-1*02,TRBD2*01,TRBJ1-6*01,CSGGLAPSS*P
CTAGTCACGTCTTAAG,1.0,1.0,TRB,TRBV20-1*02,TRBD2*02,TRBJ2-1*01,CWASREMGMSSS
CACACGCGCTGTCTTA,1.0,1.0,TRB,TRBV20-1*05,TRBD1*01,TRBJ1-4*01,C*KTGEKLF
CTAGTCACGTCTTAAG,1.0,1.0,TRB,TRBV20-1*02,TRBD2*02,TRBJ2-1*01,SVDSREIGNEQF
GTTGAGTCCCGCCGGT,1.0,1.0,TRB,TRBV20-1*02,TRBD2*02,TRBJ2-3*01,PPYGRFGSD*MRS
GTTGAGTCCCGCCGGT,1.0,1.0,TRB,TRBV20-1*02,TRBD2*02,TRBJ2-3*01,SAVSGRFGSGPDTQY
CACACGCGCTGTCTTA,1.0,1.0,TRB,TRBV20-1*04,TRBD1*01,TRBJ1-4*01,SV*KQGEKLF
GCATACGAGGTCTTTA,1.0,1.0,TRB,TRBV20-1*04,TRBD1*01,TRBJ1-6*01,SAWDHGLASNSPST
TAGTGAGAAGTGGTTG,1.0,1.0,TRB,TRBV20-1*04,TRBD1*01,TRBJ2-3*01,VLRPTGLMIHS
GAAATATCACCATCAG,1.0,1.0,TRB,TRBV20-1*04,TRBD2*01,TRBJ2-5*01,VLLRGLAPVKGTQY
AGATACCGGTGTTCAC,1.0,1.0,TRB,TRBV4-2*01,TRBD2*01,TRBJ1-4*01,*EPGGKSGCDF*ILCGLILPHIKN
CTAGACATATATGTAG,1.0,1.0,TRB,TRBV4-2*01,TRBD2*02,TRBJ2-3*01,QQPPERSGSGHRGRRA
CTAGACATATATGTAG,1.0,1.0,TRB,TRBV4-2*01,TRBD2*01,TRBJ2-3*01,PAAQERSGAVTDTQH
TTGGGAAGACGAGCCG,1.0,1.0,TRB,TRBV7-2*01,TRBD1*01,TRBJ1-2*01,ASSLAWDGIGHT
GGTCGGTCGTCCACAG,1.0,1.0,TRB,TRBV7-2*01,TRBD1*01,TRBJ2-3*01,DPLLMRRTEVSTVCSTPGLRDDLGGW
TGCACGAGTCGGCAGC,1.0,1.0,TRB,TRBV7-2*01,TRBD1*01,TRBJ2-4*01,LRWQNRHSST
TGCACGAGTCGGCAGC,1.0,1.0,TRB,TRBV7-2*01,TRBD1*01,TRBJ2-4*01,SAQRHWGLPSSRINIQC
CTCCCTCCTTTCGATC,1.0,1.0,TRB,TRBV7-2*01,TRBD2*01,TRBJ2-1*01,PAAQRRA*AV
CTCCCTCCTTTCGATC,1.0,1.0,TRB,TRBV7-2*01,TRBD2*02,TRBJ2-1*01,AFQPRAAGA*AV
CTCCCTCCTTTCGATC,1.0,1.0,TRB,TRBV7-2*01,TRBD2*02,TRBJ2-1*01,ASSLKRQEHMESSS
CTCCCTCCTTTCGATC,1.0,1.0,TRB,TRBV7-2*01,TRBD2*02,TRBJ2-1*01,ASSLKRREHEQF
CTCCCTCCTTTCGATC,1.0,1.0,TRB,TRBV7-2*02,TRBD2*02,TRBJ2-1*01,ACHGSMSSS
TGCTCTTGAGAGTTTG,1.0,1.0,TRB,TRBV7-3*01,TRBD1*01,TRBJ1-1*01,ASSCCPVRQPNTEAL
TGCTCTTGAGAGTTTG,1.0,1.0,TRB,TRBV7-3*01,TRBD1*01,TRBJ1-1*01,ASSLTPVRQPNTEA
TGCTCTTGAGAGTTTG,1.0,1.0,TRB,TRBV7-3*01,TRBD1*01,TRBJ1-1*01,ASSLTPVRQRNTEAF
TGCTCTTGAGAGTTTG,1.0,1.0,TRB,TRBV7-3*01,TRBD1*01,TRBJ1-1*01,PAA*PCPTAEH*S
TGCTCTTGAGAGTTTG,1.0,1.0,TRB,TRBV7-3*01,TRBD1*01,TRBJ1-1*01,PAA*PLSDS*TLKLS
TCTTTCTCTTAAGGAG,1.0,1.0,TRB,TRBV7-3*01,TRBD1*01,TRBJ1-1*01,QLTPSDSRTLKLS
TGCTCTTGAGAGTTTG,1.0,1.0,TRB,TRBV7-3*01,TRBD1*01,TRBJ1-1*01,QQLNPCPTAQPNTEAF
TGCTCTTGAGAGTTTG,1.0,1.0,TRB,TRBV7-3*01,TRBD1*01,TRBJ1-1*01,QQQPLSDSQTPELS
TGCTCTTGAGAGTTTG,1.0,1.0,TRB,TRBV7-3*01,TRBD1*01,TRBJ1-1*01,SAA*TLSDSRTLKLS
GCCTCATCTGGAAATA,1.0,1.0,TRB,TRBV7-2*01,TRBD1*01,TRBJ1-3*01,WPESGDGKAPPVTTGSGLHPAPKDIHPDLIISCSIIASKD
GCACTAGTCGCGCTAT,1.0,1.0,TRB,TRBV7-2*01,TRBD1*01,TRBJ1-1*01,TAASWTGHWKLS
GGATCTACCGTTCGTC,1.0,1.0,TRB,TRBV7-3*01,TRBD1*01,TRBJ2-1*01,PAA*WQGEAMSSS
GCACTAGTCGCGCTAT,1.0,1.0,TRB,TRBV7-2*01,TRBD1*01,TRBJ1-1*01,QQLPGQGHWLS
CATGCATGGAGACCCT,1.0,1.0,TRB,TRBV6-9*01,TRBD2*01,TRBJ1-4*01,IYFLCKNC
TGCCCGATAGTTAGAA,1.0,1.0,TRB,TRBV6-9*01,TRBD2*02,TRBJ2-4*01,EPTFQY
AATTGCAGCAATCGAC,1.0,1.0,TRB,TRBV7-1*01,TRBD1*01,TRBJ1-6*01,WHFSRTQASLLRGLLPLASWRQRQWSAACRQLGGHML*LH*RVQKQGYSVFPV*EKHSFTRRVLH
TAAGATTTAGCGGGAG,1.0,1.0,TRB,TRBV7-1*01,TRBD2*01,TRBJ1-5*01,QQLSLALLLHCQLGSLGNEFLNMNADK*ELYMYTCNLRLKMYLYIVQ*LNLAS*HMQYTSMYLSFPVVRILKMLLC*H
CCCTGAAATGAGTTGA,1.0,1.0,TRB,TRBV7-1*01,TRBD2*02,TRBJ1-4*01,ASWR*PALDYPACNIPVISHNPLLHPHM*NE
GCACTAGTCGCGCTAT,1.0,1.0,TRB,TRBV7-2*01,TRBD1*01,TRBJ1-1*01,ASGFLDRGTEAF
GCACTAGTCGCGCTAT,1.0,1.0,TRB,TRBV7-2*01,TRBD1*01,TRBJ1-1*01,ASSFLDRGTEAF
TCCAAGCCTAGACACA,1.0,1.0,TRB,TRBV7-2*01,TRBD1*01,TRBJ1-1*01,HQVIFDSFPRRFQIFESQELADFPILLPLPLP*TQQL
GCACTAGTCGCGCTAT,1.0,1.0,TRB,TRBV7-2*01,TRBD1*01,TRBJ1-1*01,PAALDRGTEAF
GCACTAGTCGCGCTAT,1.0,1.0,TRB,TRBV7-2*01,TRBD1*01,TRBJ1-1*01,PAASGQGRH*NF
GCACTAGTCGCGCTAT,1.0,1.0,TRB,TRBV7-2*01,TRBD1*01,TRBJ1-1*01,PAASWTGALKL
GCACTAGTCGCGCTAT,1.0,1.0,TRB,TRBV7-2*01,TRBD1*01,TRBJ1-1*01,PAASWTGALSF
GCACTAGTCGCGCTAT,1.0,1.0,TRB,TRBV7-2*01,TRBD1*01,TRBJ1-1*01,PAASWTGGT*LS
GCACTAGTCGCGCTAT,1.0,1.0,TRB,TRBV7-2*01,TRBD1*01,TRBJ1-1*01,PTASWTGALKLS
GCACTAGTCGCGCTAT,1.0,1.0,TRB,TRBV7-2*01,TRBD1*01,TRBJ1-1*01,QCSDRGTEAF
GCACTAGTCGCGCTAT,1.0,1.0,TRB,TRBV7-2*01,TRBD1*01,TRBJ1-1*01,QQLLDRALKLS
GCACTAGTCGCGCTAT,1.0,1.0,TRB,TRBV7-2*01,TRBD1*01,TRBJ1-1*01,QQLPGQGH*SF
GGATCTACCGTTCGTC,1.0,1.0,TRB,TRBV7-3*01,TRBD1*01,TRBJ2-1*01,*QLNGRGNNEQF
GGATCTACCGTTCGTC,1.0,1.0,TRB,TRBV7-3*01,TRBD2*01,TRBJ2-1*01,ASESNSRGKQ*AV
CTAGACATATATGTAG,1.0,1.0,TRB,TRBV4-2*01,TRBD2*02,TRBJ2-3*01,QPSGAIAQGQSQMPV
GATATGGATTACGCGG,1.0,1.0,TRB,TRBV7-9*01,TRBD2*02,TRBJ2-3*01,ASSLLPSGRGDT*Y
GATATGGATTACGCGG,1.0,1.0,TRB,TRBV7-9*01,TRBD2*02,TRBJ2-3*01,PAAYCPAGEGYAA
GATATGGATTACGCGG,1.0,1.0,TRB,TRBV7-9*01,TRBD2*02,TRBJ2-3*01,PSSLLPSGRGYAV
GATATGGATTACGCGG,1.0,1.0,TRB,TRBV7-9*01,TRBD2*02,TRBJ2-3*01,QQLTA*QERRYAV
GATATGGATTACGCGG,1.0,1.0,TRB,TRBV7-9*01,TRBD2*02,TRBJ2-3*01,YCLAGEGIRS
TACGGAAGCCAAACCA,1.0,1.0,TRB,TRBV7-9*03,TRBD1*01,TRBJ1-4*01,PAAAVSRVMKNC
GGTTTAATTGAGCAGG,1.0,1.0,TRB,TRBV7-9*03,TRBD1*01,TRBJ2-2*01,GYLGAV
AGGTATAATTGATAGT,1.0,1.0,TRB,TRBV7-9*03,TRBD1*01,TRBJ2-2*01,QPSGYSEELF
GCTGGTGACTCGTAGT,1.0,1.0,TRB,TRBV7-9*03,TRBD2*01,TRBJ1-1*01,QQPGTVGGLKL
GCTGGTGACTCGTAGT,1.0,1.0,TRB,TRBV7-9*03,TRBD2*01,TRBJ1-1*01,SSSPGLSGTEA
GGTTTAATTGAGCAGG,1.0,1.0,TRB,TRBV7-9*03,TRBD2*01,TRBJ2-2*01,PAASAVLRGAAV
GCTGGTGACTCGTAGT,1.0,1.0,TRB,TRBV7-9*03,TRBD2*02,TRBJ1-1*01,ASSQRDCQGLKLS
GGTTTAATTGAGCAGG,1.0,1.0,TRB,TRBV7-9*03,TRBD2*02,TRBJ2-2*01,ASSSGYLGAV
CTGGCATCCGAATGAG,1.0,1.0,TRB,TRBV7-9*03,TRBD2*02,TRBJ2-2*01,SAAITAGGSQGAV
GCCGACCCACGACTGC,1.0,1.0,TRB,TRBV7-9*04,TRBD1*01,TRBJ1-5*01,VADRDFCW*DTRCQP
GGCGCTTCATTCCCTG,1.0,1.0,TRB,TRBV9*01,TRBD2*01,TRBJ1-3*01,FVDTMIYFFIFTYTLAKRVRVHTSTKMET
TAAGGGCTGGGAGAGG,1.0,1.0,TRB,TRBV9*01,TRBD2*02,TRBJ1-4*01,GKFY*TGRKL*K
AAGCCGCCGTGAAATC,1.0,1.0,TRB,TRBV9*01,TRBD2*02,TRBJ1-5*01,HTQRPHWCRHSLSLTTAELSWWQWKRVVGQHGPAAP
GATATGGATTACGCGG,1.0,1.0,TRB,TRBV7-9*01,TRBD2*02,TRBJ2-3*01,ASSLLPSGRGYAV
GATATGGATTACGCGG,1.0,1.0,TRB,TRBV7-9*01,TRBD2*02,TRBJ2-3*01,ASSHCLARGTQ
GGATCTACCGTTCGTC,1.0,1.0,TRB,TRBV7-3*01,TRBD2*01,TRBJ2-1*01,QQLNGGGKQ*AV
CTGGCATCCGAATGAG,1.0,1.0,TRB,TRBV7-9*01,TRBD2*02,TRBJ2-2*01,PATV*QREVLRLFFFFF
GGATCTACCGTTCGTC,1.0,1.0,TRB,TRBV7-3*01,TRBD2*02,TRBJ2-1*01,QQLNGEGNNEQF
CTCTAACACCGGCAGC,1.0,1.0,TRB,TRBV7-3*02,TRBD2*01,TRBJ1-4*01,*TNKNVLVWPEK
CCCTACTTGAACAATG,1.0,1.0,TRB,TRBV7-3*03,TRBD1*01,TRBJ2-3*01,ASRLQGSDTQY
GACACTGAGTTCAGTG,1.0,1.0,TRB,TRBV7-4*01,TRBD1*01,TRBJ1-2*01,CQAPCAHGSTSLCSSAVDQRFNPYG
CTTACATAGATTTCTT,1.0,1.0,TRB,TRBV7-4*01,TRBD1*01,TRBJ1-6*01,P
GCCGACCCACGACTGC,1.0,1.0,TRB,TRBV7-4*01,TRBD1*01,TRBJ2-2P*01,SVSYQQGVPVPPSSLNPAG
AAACGGGCGTACGGGT,1.0,1.0,TRB,TRBV7-6*01,TRBD2*01,TRBJ1-2*01,ARSTARRCAPARRGFR*AARLH
GGCCGGCGTCTGCTAT,1.0,1.0,TRB,TRBV7-6*01,TRBD2*01,TRBJ1-4*01,ESTE*EVAPAAAKTNCIISL*KL
CCTTTAAGGGAGCACT,1.0,1.0,TRB,TRBV7-6*01,TRBD2*01,TRBJ2-4*01,DPAREGHPAT
GAGTAAACCGGAAAGT,1.0,1.0,TRB,TRBV7-7*01,TRBD1*01,TRBJ2-2*01,QQLIGQEHRGC
GAGTAAACCGGAAAGT,1.0,1.0,TRB,TRBV7-7*01,TRBD1*01,TRBJ2-2*01,QQLIGQNTEL
CGGCACCGTTAGCGCC,1.0,1.0,TRB,TRBV7-8*01,TRBD1*01,TRBJ2-5*01,PAAPTPVSREPV
GATATGGATTACGCGG,1.0,1.0,TRB,TRBV7-9*01,TRBD1*01,TRBJ1-2*01,QQLAAQAREGRDRHCPRCPG*QC*GPENVLPEVAVFEPSEAEISHTQKAT
CTGGCATCCGAATGAG,1.0,1.0,TRB,TRBV7-9*01,TRBD1*01,TRBJ1-4*01,QQRCRQEVLCRGRQRAGTLSCSFWKT*KT
TTCTGCGAGCGCCCTT,1.0,1.0,TRB,TRBV7-9*01,TRBD2*02,TRBJ2-1*01,PWPG*RELLQ*AV
TTCTGCGAGCGCCCTT,1.0,1.0,TRB,TRBV7-9*01,TRBD2*02,TRBJ2-1*01,QQLPGWRELLQ*SSS
CTGGCATCCGAATGAG,1.0,1.0,TRB,TRBV7-9*01,TRBD2*02,TRBJ2-2*01,PAAIIVEVLWAL
AATGACAGCAATGTCT,1.0,1.0,TRB,TRBV6-9*01,TRBD1*01,TRBJ2-2P*01,EHQGKTRCPQDFSVLPIMKRLLRGA
GATCAACATAAAGGGA,1.0,1.0,TRB,TRBV6-8*01,TRBD2*02,TRBJ1-1*01,PRHHTPHTL
TCCTAGCAAAGAAGCT,1.0,1.0,TRB,TRBV6-8*01,TRBD1*01,TRBJ1-4*01,DDSEI*IKPSWPKVSCRL*WWEA*FRQAF
AGCTCTAGACGTTCCA,1.0,1.0,TRB,TRBV5-1*01,TRBD1*01,TRBJ2-1*01,QQLQDKFRQWAV
GAAAGCCCTTTGGACC,1.0,1.0,TRB,TRBV5-1*01,TRBD1*01,TRBJ2-1*01,SSIAGQSGNEQF
GAGCATCATCCCTGGG,1.0,1.0,TRB,TRBV5-1*01,TRBD1*01,TRBJ2-3*01,IAVLPVADTWLFVGFQLTVLEDLSMFHRVCYLTMGRSPHTQKATLVCLAELPQATWSWASG*MGRRVHSGVSTDPQ
TTATGACAAACTGGAT,1.0,1.0,TRB,TRBV5-1*01,TRBD1*01,TRBJ2-6*01,LEYRIFILENCFPKYFIISKVSLG
ACCCTGGTAACGCCCT,1.0,1.0,TRB,TRBV5-1*01,TRBD2*01,TRBJ1-3*01,QKH
GAGGATAAACAGTGCT,1.0,1.0,TRB,TRBV5-1*01,TRBD2*01,TRBJ2-1*01,GYNVAIVPLSNLETV*AP*SV
CTACTATCTTTCAGAG,1.0,1.0,TRB,TRBV5-1*01,TRBD2*01,TRBJ2-2P*01,SR*EAT*RIAAA
GAAATGGCGGTGTTAG,1.0,1.0,TRB,TRBV5-1*01,TRBD2*02,TRBJ1-3*01,SWESPAS*CLGAQPGLRMGLGWSVRSPQYGLW
TCTTACGGCATCCGAC,1.0,1.0,TRB,TRBV5-1*01,TRBD2*02,TRBJ1-4*01,ECAQPGGCSSLASAVNVRQ*QAAIRNRGGGSS
ATAAGGTGGAGAACAT,1.0,1.0,TRB,TRBV5-1*01,TRBD2*02,TRBJ2-2*01,QQP*REEHWGAV
ATAAGGTGGAGAACAT,1.0,1.0,TRB,TRBV5-1*01,TRBD2*02,TRBJ2-2*01,TSSLGRNTGELF
TACGAACACGACTTCA,1.0,1.0,TRB,TRBV5-3*01,TRBD1*01,TRBJ2-1*01,GKLCVRAAQEDS
CAGGCAGTCTTACCAG,1.0,1.0,TRB,TRBV5-3*01,TRBD2*01,TRBJ1-3*01,FLPICSLFILLEMGIMAS*REKVTILHLAVFIY
TCACGCATTGTAGATC,1.0,1.0,TRB,TRBV5-4*01,TRBD1*01,TRBJ1-2*01,FQQTRRQVTM
AGCAGTCGAAGCATGC,1.0,1.0,TRB,TRBV5-4*01,TRBD1*01,TRBJ1-2*01,QQYPEQVGAPQVLGVSSRSAEDLKNVFPPGGRCCV*AISVDLPYLKGYT
AGCAGTCGAAGCATGC,1.0,1.0,TRB,TRBV5-4*01,TRBD1*01,TRBJ2-7*01,QQPRTGGLRAV
TACTCGTTTGAATCAA,1.0,1.0,TRB,TRBV5-4*01,TRBD2*01,TRBJ1-1*01,KL
GCCACAATTTAAGGAC,1.0,1.0,TRB,TRBV5-4*01,TRBD2*02,TRBJ2-2P*01,QYQDATAEEEGDFGERR
GAAAGCCCTTTGGACC,1.0,1.0,TRB,TRBV5-1*01,TRBD1*01,TRBJ2-1*01,QRHQDRVGQ*AV
GAAAGCCCTTTGGACC,1.0,1.0,TRB,TRBV5-1*01,TRBD1*01,TRBJ2-1*01,QQHRTGVGRAV
CGTACCTGATAGGCCT,1.0,1.0,TRB,TRBV6-8*01,TRBD1*01,TRBJ1-4*01,ASVSVLGTPLSRW*VWNGVCVCLCACYQRKT
GAAAGCCCTTTGGACC,1.0,1.0,TRB,TRBV5-1*01,TRBD1*01,TRBJ2-1*01,QQHRDRVGQMSSS
CCTTTAAGGGAGCACT,1.0,1.0,TRB,TRBV14*01,TRBD2*01,TRBJ1-6*01,GF*AEGVRLLRRLLRQHLSWLRAGCSLEGQVRADLIVYLFPFT
CTAGACATATATGTAG,1.0,1.0,TRB,TRBV4-2*01,TRBD2*02,TRBJ2-3*01,SLQNVAGAVTDTH
TCGTCACACTGTTAGC,1.0,1.0,TRB,TRBV4-3*01,TRBD1*01,TRBJ1-1*01,HSSSRS*P*AQRSLQ*PQISPQGSSSDTQDHSSHKIPDIR*RSRKPRGTLNLI*DT
GTGAAACGTGCTCCAC,1.0,1.0,TRB,TRBV4-3*01,TRBD2*02,TRBJ1-6*01,ASSCWER*FTPP
GTGAAACGTGCTCCAC,1.0,1.0,TRB,TRBV4-3*01,TRBD2*02,TRBJ1-6*01,ASSQPGKHPPLH
GTGAAACGTGCTCCAC,1.0,1.0,TRB,TRBV4-3*01,TRBD2*02,TRBJ1-6*01,ASSQPGNVNSPLH
GTGAAACGTGCTCCAC,1.0,1.0,TRB,TRBV4-3*02,TRBD2*02,TRBJ1-6*01,QQLSPGSN*FTPP
AAAGTCACTGATGTAA,1.0,1.0,TRB,TRBV5-1*01,TRBD1*01,TRBJ1-1*01,SGGSRLEPRGDGDF*WLWQGQTWTQNRSIEGLPKPCFATSQIVISS*RKAFIRFIDELS
GAAAGCCCTTTGGACC,1.0,1.0,TRB,TRBV5-1*01,TRBD1*01,TRBJ2-1*01,ASLSAGQGQAMSSS
GAAAGCCCTTTGGACC,1.0,1.0,TRB,TRBV5-1*01,TRBD1*01,TRBJ2-1*01,ASSAPGQGQT*QF
GAAAGCCCTTTGGACC,1.0,1.0,TRB,TRBV5-1*01,TRBD1*01,TRBJ2-1*01,ASSTARTRSGNEQF
GAAAGCCCTTTGGACC,1.0,1.0,TRB,TRBV5-1*01,TRBD1*01,TRBJ2-1*01,ASSTGTGSGNEQF
GAAAGCCCTTTGGACC,1.0,1.0,TRB,TRBV5-1*01,TRBD1*01,TRBJ2-1*01,NSGAGSGRGQF
GAAAGCCCTTTGGACC,1.0,1.0,TRB,TRBV5-1*01,TRBD1*01,TRBJ2-1*01,PAAPGQGQQ*AV
GAAAGCCCTTTGGACC,1.0,1.0,TRB,TRBV5-1*01,TRBD1*01,TRBJ2-1*01,PALGQGRAMSSS
GAAAGCCCTTTGGACC,1.0,1.0,TRB,TRBV5-1*01,TRBD1*01,TRBJ2-1*01,PCQDRSGQ*AV
GAAAGCCCTTTGGACC,1.0,1.0,TRB,TRBV5-1*01,TRBD1*01,TRBJ2-1*01,QHTRDKGRAMSRF
AGATGCAAGACGTGCA,1.0,1.0,TRB,TRBV5-5*01,TRBD1*01,TRBJ1-5*01,VRFCSWHRLPGPDQLSDSPS
TTGTAATCCGTACTCG,1.0,1.0,TRB,TRBV5-5*01,TRBD1*01,TRBJ2-3*01,GTPTGYIVFRLGS*KDE*MLSKLQSKCAQ
GGGTGGTCCAGCCTGT,1.0,1.0,TRB,TRBV5-5*01,TRBD2*01,TRBJ2-2*01,GDE*PFISSVFKPLYSHA*HLLRIAGIKCCLGAV
TTGAGAAGTTTAGCAT,1.0,1.0,TRB,TRBV5-5*01,TRBD2*02,TRBJ1-2*01,HGHQAARGH*PARWL
TCTCATGAGATAGGGT,1.0,1.0,TRB,TRBV6-5*01,TRBD1*01,TRBJ1-1*01,GNRGIQGHI*SF
TCTCATGAGATAGGGT,1.0,1.0,TRB,TRBV6-5*01,TRBD1*01,TRBJ1-1*01,PAAGGFGGTSELS
TCTCATGAGATAGGGT,1.0,1.0,TRB,TRBV6-5*01,TRBD1*01,TRBJ1-1*01,PAAGGFRGHI*SF
TCTCATGAGATAGGGT,1.0,1.0,TRB,TRBV6-5*01,TRBD1*01,TRBJ1-1*01,PAAGGIPGHI*S
TCTCATGAGATAGGGT,1.0,1.0,TRB,TRBV6-5*01,TRBD1*01,TRBJ1-1*01,QPWGDSGGTSEAF
TCTCATGAGATAGGGT,1.0,1.0,TRB,TRBV6-5*01,TRBD1*01,TRBJ1-1*01,QQQEVQGLSEAF
CGAGCGTTGATCAGCC,1.0,1.0,TRB,TRBV6-5*01,TRBD1*01,TRBJ1-5*01,QQSPRGAVSVSPA
CGAGCGTTGATCAGCC,1.0,1.0,TRB,TRBV6-5*01,TRBD1*01,TRBJ1-5*01,QQSRGGRASGLASS
CGAGCGTTGATCAGCC,1.0,1.0,TRB,TRBV6-5*01,TRBD1*01,TRBJ1-5*01,TQQSPRAGYQSAQH
CTTGAGTTAGGGTAAT,1.0,1.0,TRB,TRBV6-5*01,TRBD2*01,TRBJ2-1*01,IPGSFGFHGMSS
GGGTTCAGACGAACAA,1.0,1.0,TRB,TRBV6-5*01,TRBD2*02,TRBJ1-1*01,FILF**RMSLRAPFPFFVPQLEMYEGFWSPWR*CS*AYLYT
TCTCATGAGATAGGGT,1.0,1.0,TRB,TRBV6-5*01,TRBD2*02,TRBJ1-1*01,PAAEGQRPVAS
TCTCATGAGATAGGGT,1.0,1.0,TRB,TRBV6-5*01,TRBD2*02,TRBJ1-1*01,PSSRGNSEHI*SF
TCTCATGAGATAGGGT,1.0,1.0,TRB,TRBV6-5*01,TRBD2*02,TRBJ1-1*01,QQQEIPRAHLKLS
TCCGTTTAGCCTTGAA,1.0,1.0,TRB,TRBV6-6*01,TRBD1*01,TRBJ1-1*01,TVSSLGYRGEAGWGSLMWAKSTVLLGGKKPTE
GTGAGGAGCGGTTGAG,1.0,1.0,TRB,TRBV6-7*01,TRBD1*01,TRBJ1-1*01,S
TAACAATATTTGTTGC,1.0,1.0,TRB,TRBV6-7*01,TRBD1*01,TRBJ1-4*01,KSDLLVTNFGIFFPYNPDSIYCIF**
TCTCATGAGATAGGGT,1.0,1.0,TRB,TRBV6-5*01,TRBD1*01,TRBJ1-1*01,ASSRGIRGV*SF
CCCGCAAATAATCATC,1.0,1.0,TRB,TRBV6-4*01,TRBD1*01,TRBJ2-2P*01,TASTVNLALL
ACCGAAGAGTCTGGTT,1.0,1.0,TRB,TRBV6-4*01,TRBD1*01,TRBJ1-4*01,ILTWLHLYYTNTSSVSKTSPNPQVRNS*TTKTV
GCTGGCATATTCACCT,1.0,1.0,TRB,TRBV6-1*01,TRBD2*02,TRBJ1-4*01,QQECPAPSTAAAPAGGEESGSKERRIRGV***HGLGL
ATACGTTATGCACGGA,1.0,1.0,TRB,TRBV5-6*01,TRBD1*01,TRBJ1-3*01,GNRKREKYSW*R*KE*NHCKNTDWEQVQENPG*G*RMTWDALGATSG
CTGAATTTATTGCCAG,1.0,1.0,TRB,TRBV5-6*01,TRBD1*01,TRBJ1-3*01,LQQA*AATSTSLMKLRTEYKFVFSNICYEG*Y*LK*VN
TCAACGAGGAGACAAA,1.0,1.0,TRB,TRBV5-6*01,TRBD1*01,TRBJ2-2P*01,KSLQVTHGGLRGTISFL*KPLQCSLECLRTA
CTCCCTCCTTTCGATC,1.0,1.0,TRB,TRBV5-8*01,TRBD1*01,TRBJ1-1*01,AKH
GTTTGGTGATCGGTGC,1.0,1.0,TRB,TRBV5-8*01,TRBD1*01,TRBJ1-1*01,EELPNT
AGTTAAGTCAACCGCT,1.0,1.0,TRB,TRBV5-8*01,TRBD2*02,TRBJ1-1*01,C*RAAKH
CATGAGATGCACTCTC,1.0,1.0,TRB,TRBV6-1*01,TRBD1*01,TRBJ2-3*01,G
GCTAAGTAGTTTCTCT,1.0,1.0,TRB,TRBV6-2*01,TRBD1*01,TRBJ1-3*01,FLPVSPLQKMELRPVLSMVSGPQSLKINTRGFKSQTPV*SNTWIQDSRVRIW
CGGTGGGCTCCAGCCT,1.0,1.0,TRB,TRBV6-2*01,TRBD2*02,TRBJ2-1*01,ACLGSNFLFPKVYILGWAEF
CAAGGCCAGTGGTGCA,1.0,1.0,TRB,TRBV6-2*01,TRBD1*01,TRBJ1-3*01,NSNNNYNYRTAQFINVVNYYWHDGGYYII*AVNAQTY
CTATATCCAGCCTGGC,1.0,1.0,TRB,TRBV6-2*01,TRBD1*01,TRBJ1-5*01,PAVNHRDRDIEPQH
CTATATCCAGCCTGGC,1.0,1.0,TRB,TRBV6-2*01,TRBD1*01,TRBJ1-5*01,QQLITGTEISNPS
CTATATCCAGCCTGGC,1.0,1.0,TRB,TRBV6-2*01,TRBD1*01,TRBJ1-5*01,S*SPGPRYRTPA
CTATATCCAGCCTGGC,1.0,1.0,TRB,TRBV6-2*01,TRBD1*01,TRBJ1-5*01,TSS*SPGQDIRTPA
AAACGGGCGTACGGGT,1.0,1.0,TRB,TRBV6-2*01,TRBD1*01,TRBJ2-2P*01,PGHQQPQSSALLG
AAACGGGCGTACGGGT,1.0,1.0,TRB,TRBV6-2*01,TRBD2*01,TRBJ2-7*01,ASNARLAPAGST
AACCTTTAAATACGGT,1.0,1.0,TRB,TRBV14*01,TRBD2*01,TRBJ1-6*01,GFCCSCGRDSPGGCSWHSSQLRAGCSLRGCGSALTPLCTSFPFT
CTCCGGCTTGTAGACA,1.0,1.0,TRB,TRBV14*01,TRBD1*01,TRBJ1-5*01,GSCQKVAETLRRLLRQYLESLRGGLLRAVAGLC*PHCAPPSHSPTSSAPRGQGRSSG*THQCGL
TTGCGTAGTTTGAGGA,1.0,1.0,TRB,TRBV13*01,TRBD2*01,TRBJ2-2P*01,QQVGGDVAHRGGV
CCTTTAAGGGAGCACT,1.0,1.0,TRB,TRAV24*02,TRBD1*01,TRBJ2-2P*01,LKIELPTPKYEIG*TNKNCVLG
CCCTACTTGAACAATG,1.0,1.0,TRB,TRBV10-1*01,TRBD1*01,TRBJ1-4*01,FSLCFSSPTYMNTSSASED*APNPQVRNRLNHE
GGCTAAAGGGCGGGTC,1.0,1.0,TRB,TRBV10-1*01,TRBD1*01,TRBJ1-4*01,TGSLSPLATPGGEGVTPSQVF
ACTCCCTAATGCTAAA,1.0,1.0,TRB,TRBV10-1*01,TRBD1*01,TRBJ2-6*01,PLATIGYQCVRQSD
CCTCCTGTTGTGTCGT,1.0,1.0,TRB,TRBV10-1*01,TRBD2*02,TRBJ1-4*01,MQL
ACAACGGTCCCTGCGA,1.0,1.0,TRB,TRBV10-1*01,TRBD2*02,TRBJ2-5*01,QSRP*YEPCPVWERP*GCMSLAEDP
CAGCTCGACAAGTTAA,1.0,1.0,TRB,TRBV10-2*01,TRBD1*01,TRBJ2-3*01,GNWLYFQDRGFETQSLTGLKFRFVSVSKFFLDQLDTSQELKQIEAVFWNNAVVEGVFILRKVRF
ACCCTATAGGACTGAG,1.0,1.0,TRB,TRBV10-2*01,TRBD2*02,TRBJ1-1*01,ILLEQFLPELIFKMPAEAVLIVLV*SDEEPADSVAS
CCACATACTGCACCCA,1.0,1.0,TRB,TRBV10-2*01,TRBD1*01,TRBJ2-4*01,AKVPTLSGACPYRRSACSPTVRVTHCVKTLPRTVKRACMPK
ACGCTAGTGATACACT,1.0,1.0,TRB,TRBV10-3*01,TRBD1*01,TRBJ1-6*01,ILTCFSSPTYMNTSLFFYFPED*APNPYTK*AKPIKIV
TATGGGACCGAGCAGG,1.0,1.0,TRB,TRBV12-3*01,TRBD1*01,TRBJ2-2P*01,AG
GCCGCTTGTGAGAAAC,1.0,1.0,TRB,TRBV12-3*01,TRBD2*02,TRBJ2-3*01,LSSLERG*HNLPLECGKVCIEMPLRFLLRSEVTKGLNL
TAGTGAGAAGTGGTTG,1.0,2.0,TRB,TRBV12-4*01,TRBD1*01,TRBJ1-2*01,PAARDRAMATP
TAGTGAGAAGTGGTTG,1.0,1.0,TRB,TRBV12-4*01,TRBD1*01,TRBJ1-2*01,QQLRTGLWLH
TAGTGAGAAGTGGTTG,1.0,1.0,TRB,TRBV12-4*01,TRBD1*01,TRBJ1-2*01,TCQQRLRTGPWLH
TGACACTTCTCTTTGC,1.0,1.0,TRB,TRBV12-4*02,TRBD1*01,TRBJ1-2*01,ASSSGQGYGYT
TAGTGAGAAGTGGTTG,1.0,1.0,TRB,TRBV12-4*02,TRBD1*01,TRBJ1-2*01,LATLDRAMATT
CTATGCCCGAATGCAA,1.0,1.0,TRB,TRBV12-4*02,TRBD1*01,TRBJ2-2P*01,MMDLQVGSLGL*PQNVLQGLFFLIARKEIHSILLLKTWGKLSHYRGPAMLCV
CTACTATCTTTCAGAG,1.0,1.0,TRB,TRBV12-4*02,TRBD2*01,TRBJ1-5*01,DRQP
CTCCGGCTTGTAGACA,1.0,1.0,TRB,TRBV12-5*01,TRBD1*01,TRBJ1-1*01,TSLLHSLLTGGSVPEVLSLT**V*SISKLVFLFYRFSSKVKCQIK*WTPYGCTLNT
TTGACGATTCAGCACG,1.0,1.0,TRB,TRBV12-5*01,TRBD2*01,TRBJ2-4*01,QHS
CTGTTCACTGCCTGTG,1.0,1.0,TRB,TRBV13*01,TRBD1*01,TRBJ1-1*01,RPLGLVWVGLVCWICSLSSVLS
TGATCACCACACTGAC,1.0,1.0,TRB,TRBV13*01,TRBD1*01,TRBJ1-4*01,SRKEKLILICVTTPRDKYIHLDLKKENVGQKNNLVIVNILY**
TTAGGTCATAACCGAC,1.0,1.0,TRB,TRBV13*01,TRBD1*01,TRBJ2-2*01,ASRGGATITCFCSSPS*DRAEATRWVLPHITSLCSCLDSLMTSHPASPRSSPRCSS*GGLLTQTWCPGWFLESA
GAGAGGGCGCGAGGTT,1.0,1.0,TRB,TRBV13*01,TRBD1*01,TRBJ2-2P*01,SR*EAT*RIAAA
GATATCTCATGCAATA,1.0,1.0,TRB,TRBV13*01,TRBD2*01,TRBJ1-3*01,NLG*RDQIFLTFPPNSLNYQIIGNL*LRLMWNEAKTN*TPRCSLNKH
CACAGTCCCGCTTCGC,1.0,1.0,TRB,TRBV13*01,TRBD2*01,TRBJ1-4*01,*K*NEK
CATGAGATGCACTCTC,1.0,1.0,TRB,TRBV13*01,TRBD2*01,TRBJ2-2P*01,PKR*SDVAHRGGV
CCACTATCCGGGTCAC,1.0,1.0,TRB,TRBV12-3*01,TRBD1*01,TRBJ2-2P*01,KIAG
ATCTGGGCTGTTCTTG,1.0,1.0,TRB,TRBV12-3*01,TRBD1*01,TRBJ1-4*01,KISVEK
ACTCAGACCTGCTTCT,1.0,1.0,TRB,TRBV10-3*01,TRBD1*01,TRBJ2-4*01,VHMYP*ILIEINSNKSLVLSRKMQNLNIYIQ
ACCGGTCTGAGTACGG,1.0,1.0,TRB,TRBV12-2*01,TRBD1*01,TRBJ2-3*01,SHLRSPV*AIRSRDLPPVSHWCAWPQASTPTTWS*AGG*MGRRCTVGSAQTR
GCTGGGAGCGCGTCAA,1.0,1.0,TRB,TRBV10-3*01,TRBD1*01,TRBJ2-7*01,AIGLTGDRTVL
GCTGGGAGCGCGTCAA,1.0,1.0,TRB,TRBV10-3*01,TRBD1*01,TRBJ2-7*01,AISLTGDEQY
GCTGGGAGCGCGTCAA,1.0,1.0,TRB,TRBV10-3*01,TRBD1*01,TRBJ2-7*01,ASV*QGRAA
GCTGGGAGCGCGTCAA,1.0,1.0,TRB,TRBV10-3*01,TRBD1*01,TRBJ2-7*01,HQFNRDEQY
GCTGGGAGCGCGTCAA,1.0,1.0,TRB,TRBV10-3*01,TRBD1*01,TRBJ2-7*01,PSV*QGTAGT
TATGGAGTTTCTCGTT,1.0,1.0,TRB,TRBV10-3*01,TRBD2*01,TRBJ1-2*01,AQARHAAADDSS*RQIFTGLLFQ*PIQMPLLCG**ESN
TACCAATAAAGTACCA,1.0,1.0,TRB,TRBV11-1*01,TRBD1*01,TRBJ2-4*01,DCDVGHLAVHVVLCFNELPRYLTGVRLTCHNVALGLMQY
CACGGGATTGAGGGTT,1.0,1.0,TRB,TRBV11-1*01,TRBD2*01,TRBJ1-1*01,VASLRGAHAGGAARCTRPGRMYMN*
GCCGGGTTAGGGTCGC,1.0,1.0,TRB,TRBV11-1*01,TRBD2*01,TRBJ1-3*01,ICLLLSLRKQVHSTYAKNQMLF*KMEK*KLYKH
CATAAGAAGCTTGGCT,1.0,1.0,TRB,TRBV11-2*01,TRBD1*01,TRBJ2-1*01,PAVPSGLYNEQF
TTCAAAGTCTCTAGCC,1.0,1.0,TRB,TRBV11-2*01,TRBD1*01,TRBJ2-2*01,GASAEVAGHDAVSLTSPIDLGSWSQPQRHPEVQVLRVAARVETSSHQEQALYGQPMVSTIGTSAST
CATAAGAAGCTTGGCT,1.0,1.0,TRB,TRBV11-2*01,TRBD1*01,TRBJ2-2P*01,QQPSEALTV
CCCTACTTGAACAATG,1.0,1.0,TRB,TRBV11-2*01,TRBD1*01,TRBJ2-3*01,ASRLQGSDTQY
GCACTAGTCGCGCTAT,1.0,1.0,TRB,TRBV11-2*01,TRBD1*01,TRBJ2-6*01,PSSRGEAVVAAWMTSSTVRPEFVAHGPSAWPAAPWR*CTWWAPPRYGPLWCVHLPGASPRRN*RH
CATAAGAAGCTTGGCT,1.0,1.0,TRB,TRBV11-2*01,TRBD2*01,TRBJ2-1*01,PAAVGGLLQ*AVG
CATAAGAAGCTTGGCT,1.0,1.0,TRB,TRBV11-2*01,TRBD2*01,TRBJ2-1*01,SGGLLQ*AV
CGACTTTGTATAGCCT,1.0,1.0,TRB,TRBV12-1*01,TRBD1*01,TRBJ2-4*01,ASSVQPTCQKMNMYSG*LKEWVTLTLPGAVPRVWVWY*LYSLLMGSESLGGAKPGIYLFST
AATTGAACGCTCTGGT,1.0,1.0,TRB,TRBV9*01,TRBD2*02,TRBJ2-4*01,KVSVSLKGEPPTSHW*YLVSPTIIFSDHILIITCLVALSFFSVLETIISVST
TAAGCAGGCGACACGC,2.0,2.0,TRA,TRAV36/DV7*05,,TRAJ41*01,AVEAQCSLVTCSLYSNS
AATGGTTCTCACAAGC,1.0,1.0,TRA,TRAV1-1*01,,TRAJ61*01,RNAARACRKL
ATCAATGCCGTGGCTG,1.0,1.0,TRA,TRAV1-2*01,,TRAJ23*01,MVLKA
CGCTGTGTGGATGTTG,1.0,1.0,TRA,TRAV27*01,,TRAJ23*01,FVPG
AACAATTACTCTACGC,1.0,1.0,TRA,TRAV26-1*01,,TRAJ15*01,LKERQSRWRRRLQPG
AGGTTTCACACACCTT,1.0,1.0,TRA,TRAV26-1*01,,TRAJ46*01,TSHENGAREPGHQGL
GGGAGGATGCCCGAAA,1.0,1.0,TRA,TRAV26-1*01,,TRAJ9*01,LLGNY
AGCCGCAAATTCAAAT,1.0,1.0,TRA,TRAV26-2*01,,TRAJ1*01,T*PPPS
GCAACGGCTAGTTATG,1.0,1.0,TRA,TRAV26-2*01,,TRAJ15*01,LL
GCCCGATCTGTGGTCG,1.0,1.0,TRA,TRAV26-2*01,,TRAJ32*01,IVMTFPTLCEL
CACCGTATCCCATCCG,1.0,1.0,TRA,TRAV27*01,,TRAJ11*01,AGPHP
TTGGATCGACTTCTGG,1.0,1.0,TRA,TRAV27*01,,TRAJ2*01,LLI
TGGAAGGATAAAGATG,1.0,1.0,TRA,TRAV27*01,,TRAJ48*01,QKTK*
TAAATTGTGGGTAAAG,1.0,1.0,TRA,TRAV27*02,,TRAJ31*01,APGNA
AATGACGTAGGATGTC,1.0,1.0,TRA,TRAV29/DV5*01,,TRAJ12*01,FF*KRNDLMNLAF**IN*
GGGCCTATTTAAGTAT,1.0,1.0,TRA,TRAV29/DV5*01,,TRAJ18*01,CPLCCLGS
TTCTACTTGCGAGGGC,1.0,1.0,TRA,TRAV29/DV5*01,,TRAJ29*01,*KLCVGPGCISG
AAAGGGCAGCTTGAAT,1.0,1.0,TRA,TRAV29/DV5*01,,TRAJ31*01,HKFLFMKENN
AGCTTCAATACTTTGA,1.0,1.0,TRA,TRAV29/DV5*01,,TRAJ35*01,LG
AGGAAGCTGTCCGCCG,1.0,1.0,TRA,TRAV29/DV5*01,,TRAJ35*01,RFVIKPGN
ATTGATAGCAACGAGA,1.0,1.0,TRA,TRAV29/DV5*01,,TRAJ35*01,SPSH
AGATCTCAGGTGTGAT,1.0,1.0,TRA,TRAV26-1*01,,TRAJ12*01,YCFQNT*NFQG*NSIC*SYK
GGGACTGCATAGATAG,1.0,1.0,TRA,TRAV25*01,,TRAJ7*01,*TSQCVGKKKVCQVLAYG
TAGAGATCATGCAACT,1.0,1.0,TRA,TRAV25*01,,TRAJ61*01,N
TCTGCACCATTAGTAA,1.0,1.0,TRA,TRAV25*01,,TRAJ46*01,**A*KQ
TCGTTGGCTCGTCAAT,1.0,1.0,TRA,TRAV22*01,,TRAJ31*01,FVGECSRELM
TCGTTGGCTCGTCAAT,1.0,1.0,TRA,TRAV22*01,,TRAJ31*01,LENNNARLM
TCGTTGGCTCGTCAAT,1.0,1.0,TRA,TRAV22*01,,TRAJ31*01,LWRIIMPDS
TCGTTGGCTCGTCAAT,1.0,1.0,TRA,TRAV22*01,,TRAJ31*01,MMLSGPL
CTAAATCCGGTGTACA,1.0,1.0,TRA,TRAV22*01,,TRAJ32*01,DNKF
TAGTTAAGATAGGATA,1.0,1.0,TRA,TRAV23/DV6*01,,TRAJ17*01,NPHLPFRCSSLQDLQA
GCGGGAACCAGGCCCT,1.0,1.0,TRA,TRAV23/DV6*01,,TRAJ18*01,LGLWKSNILV**AEKPW
CCGTGTTAAATTCCAT,1.0,1.0,TRA,TRAV23/DV6*01,,TRAJ22*01,L*QFLL
CCTCGTTACGCCTGTT,1.0,1.0,TRA,TRAV23/DV6*01,,TRAJ27*01,SIPLQA
TTATGCGTCCCGGTCC,1.0,1.0,TRA,TRAV23/DV6*01,,TRAJ31*01,CLLCCPRL
CGTCGTCCTTCGCGAA,1.0,1.0,TRA,TRAV23/DV6*01,,TRAJ46*01,YMYTEE
ATAAATATTAGCAGCT,1.0,1.0,TRA,TRAV24*01,,TRAJ56*01,*S
CCGACGGGCATGAGGT,1.0,1.0,TRA,TRAV24*02,,TRAJ16*01,ASASEELL
TCCTTACGACGGTCCG,1.0,1.0,TRA,TRAV24*02,,TRAJ16*01,ASASEELL
ATCTCCCACGGAATAT,1.0,1.0,TRA,TRAV25*01,,TRAJ15*01,KKKKKKKKKKKPTR
CTCAGTCACGACAAAT,1.0,1.0,TRA,TRAV25*01,,TRAJ3*01,GGVLP
TGAGAATGCTTTACCG,1.0,1.0,TRA,TRAV25*01,,TRAJ34*01,LIPP
GGCGCTCCTCATCAAT,1.0,1.0,TRA,TRAV29/DV5*01,,TRAJ41*01,PVCTQ
GGCGCTCCTCATCAAT,1.0,1.0,TRA,TRAV29/DV5*01,,TRAJ41*01,TARYALN
ATAGACGAAGAGAAAG,1.0,1.0,TRA,TRAV29/DV5*01,,TRAJ53*01,SH
GTTCAGTCGCCAAATG,1.0,1.0,TRA,TRAV35*01,,TRAJ29*01,AEWLCCVAFSSKQVSSCILS
CATTTATCGTTCAAGA,1.0,1.0,TRA,TRAV36/DV7*01,,TRAJ13*01,AVEAWYLMPAACTRFW
CATATGTCAGGCTACG,1.0,1.0,TRA,TRAV36/DV7*01,,TRAJ17*01,LC
CTAAGTACAGGGCTAC,1.0,1.0,TRA,TRAV36/DV7*01,,TRAJ18*01,LWRHSAP*SPAACINCHEA
CCCGTCAGCGTCTGAC,1.0,1.0,TRA,TRAV36/DV7*01,,TRAJ18*01,LWRHSAP*SPAALPPNSTAEA
ATCCTACCTAAGCTCT,1.0,1.0,TRA,TRAV36/DV7*01,,TRAJ2*01,AVDMRPRAFLDK
GACTCGCGGGAATGAC,1.0,1.0,TRA,TRAV36/DV7*01,,TRAJ24*01,DNSAPSHLQPTQILQLR
AGGGCAGCGGCGTGGT,1.0,1.0,TRA,TRAV36/DV7*01,,TRAJ3*01,AGRPGPAAEPHPRRRPQQ
GTTACAATTGGTGACG,1.0,1.0,TRA,TRAV36/DV7*01,,TRAJ37*02,S
CATTTATCGTTCAAGA,1.0,1.0,TRA,TRAV36/DV7*01,,TRAJ41*01,*WAWCSLVTCSLPQI
CCCGTCAGCGTCTGAC,1.0,1.0,TRA,TRAV36/DV7*01,,TRAJ41*01,AVEAQCSLVTCSCTQI
AAGGAGAACTTATAAG,1.0,1.0,TRA,TRAV36/DV7*01,,TRAJ41*01,CGGTVLPKLQPVLKF
CCCGTCAGCGTCTGAC,1.0,1.0,TRA,TRAV36/DV7*01,,TRAJ41*01,CGGTVLPSHLQPVLKF
AAGGAGAACTTATAAG,1.0,1.0,TRA,TRAV36/DV7*01,,TRAJ41*01,CGGTVPLATQPVLKF
CATTTATCGTTCAAGA,1.0,1.0,TRA,TRAV36/DV7*01,,TRAJ41*01,HGGHSAPSHLQPVLKF
TAAGCAGGCGACACGC,1.0,1.0,TRA,TRAV36/DV7*01,,TRAJ41*01,LLWRLVF*SPAACTQI
AATCCATGCAAGGGTG,1.0,1.0,TRA,TRAV36/DV7*01,,TRAJ41*01,LWRHSAP*KSPAACTQI
AAGGAGAACTTATAAG,1.0,1.0,TRA,TRAV36/DV7*01,,TRAJ41*01,LWRHSAP*SPAACTQI
GACTCGCGGGAATGAC,1.0,1.0,TRA,TRAV36/DV7*01,,TRAJ10*01,AVEAQCSPSHLQPVLT
AGTGAGCCTCGCCGCC,1.0,1.0,TRA,TRAV35*01,,TRAJ21*01,AGVQYNFNKFCT
CTCGCTAGGTAAGCGA,1.0,1.0,TRA,TRAV3*01,,TRAJ22*01,FF
AGTGAGCCTCGCCGCC,1.0,1.0,TRA,TRAV35*01,,TRAJ21*01,AGVNASWLWVT
TTCCATCATGCGGTGA,1.0,1.0,TRA,TRAV3*01,,TRAJ5*01,L*ETRAGEHLL
GATCCTCTTGCGCTTA,1.0,1.0,TRA,TRAV30*01,,TRAJ13*01,GTEKF*GLQKVT
GATCCTCTTGCGCTTA,1.0,1.0,TRA,TRAV30*01,,TRAJ13*01,GTESLGATRKLP
GATCCTCTTGCGCTTA,1.0,1.0,TRA,TRAV30*01,,TRAJ13*01,GTESSGVTRKLP
CTTTGGCGCTTTATAC,1.0,1.0,TRA,TRAV30*01,,TRAJ13*01,HREFWGYQKVT
GATCCTCTTGCGCTTA,1.0,1.0,TRA,TRAV30*01,,TRAJ13*01,HREFWGYQKVT
GATCCTCTTGCGCTTA,1.0,1.0,TRA,TRAV30*01,,TRAJ13*01,SGNREFCVTRSY
GATCCTCTTGCGCTTA,1.0,1.0,TRA,TRAV30*01,,TRAJ13*01,STEVLGVQKI
GACACTGAGTTCAGTG,1.0,1.0,TRA,TRAV30*01,,TRAJ27*01,GPEICASLSPM
ACATGGCGCCAAAGTA,1.0,1.0,TRA,TRAV30*01,,TRAJ40*01,QI
CTAGTGAAGGACAGGA,1.0,1.0,TRA,TRAV30*02,,TRAJ7*01,GKTQPPSAPRLAHPSYEDPSQGWLW
TGAGGTTGATCCCAAG,1.0,1.0,TRA,TRAV34*01,,TRAJ2*01,EVGQVVTHLLD
AACAGGATGGGCCGCG,1.0,1.0,TRA,TRAV34*01,,TRAJ2*01,GWSRWSPIFLIN
TAGAGTCTAAGCGAAC,1.0,1.0,TRA,TRAV34*01,,TRAJ26*01,EVGQ
TCCCGGGTGTGCTGCT,1.0,1.0,TRA,TRAV34*01,,TRAJ26*01,EVGQ
CGGTTGAGTATCCTTC,1.0,1.0,TRA,TRAV35*01,,TRAJ16*01,AGQRPCVDG
TTATATTTGGCAATCC,1.0,1.0,TRA,TRAV35*01,,TRAJ18*01,AGWVPEA
TCGTTGGCTCGTCAAT,1.0,1.0,TRA,TRAV22*01,,TRAJ31*01,AVQNMCQTH
TCGTTGGCTCGTCAAT,1.0,1.0,TRA,TRAV22*01,,TRAJ31*01,AVENNNARLM
CTGCTCTGACGGCAAA,1.0,1.0,TRA,TRAV22*01,,TRAJ11*01,EERAPDRAQHP
CAGAATAACACACGGA,1.0,1.0,TRA,TRAV12-1*01,,TRAJ58*01,VVLWL*V
GGTGCTGATCACAAAG,1.0,1.0,TRA,TRAV12-2*01,,TRAJ18*01,CSFMDQ*GDRG
ACATCGTTAACCTAGT,1.0,1.0,TRA,TRAV12-2*01,,TRAJ2*01,LDK
TGCTCGGCGAAACCCA,1.0,1.0,TRA,TRAV12-2*01,,TRAJ28*01,APRQCLYHQL
AACGATAGAAGGGCCG,1.0,1.0,TRA,TRAV12-2*01,,TRAJ40*01,LKPADQKYI
TAAGCCCTTACGACCA,1.0,1.0,TRA,TRAV12-2*01,,TRAJ58*01,VGSLGL*V
TTAGAATAAGGGTCGG,1.0,1.0,TRA,TRAV12-2*03,,TRAJ2*01,AFPVLLELGTPAKD*APVSSI
TGGAAGAAGGGAACGT,1.0,1.0,TRA,TRAV12-3*01,,TRAJ15*01,QA
TAGTCCGCAGAGAATG,1.0,1.0,TRA,TRAV13-1*01,,TRAJ16*01,MEQVWVPRWP
GATCGCTACCCGATTT,1.0,1.0,TRA,TRAV13-1*01,,TRAJ18*01,AVPPLG
GTGGTCAGCGAAGTAT,1.0,1.0,TRA,TRAV13-1*01,,TRAJ18*01,EA
GCCTGCTACACTGAGA,1.0,1.0,TRA,TRAV13-1*01,,TRAJ35*01,AASRKGFGDIAA
GCCTGCTACACTGAGA,1.0,1.0,TRA,TRAV13-1*01,,TRAJ35*01,QQVGGLWKCAA
GCCTGCTACACTGAGA,1.0,1.0,TRA,TRAV13-1*01,,TRAJ35*01,SK*EGFGNVLH
GACCGACTGAAGCGTC,1.0,1.0,TRA,TRAV13-1*01,,TRAJ37*01,SALPQALR*RSGRTG
TCGCTGCCAATGCTGT,1.0,1.0,TRA,TRAV13-1*01,,TRAJ52*01,ERYLGWLEGLWK
CTTTGGCAGACAGAGT,1.0,1.0,TRA,TRAV13-1*01,,TRAJ58*01,VVADPSQWL
TTCTTAGTGAACGGTG,1.0,1.0,TRA,TRAV13-2*01,,TRAJ15*01,QQAAITAL
CGTACCTGATAGGCCT,1.0,1.0,TRA,TRAV12-2*01,,TRAJ13*02,APQ
GACTGATTGGTCACAA,1.0,1.0,TRA,TRAV12-1*01,,TRAJ58*01,VGSLGL*V
TACCGCGGACTTGCAG,1.0,1.0,TRA,TRAV13-2*01,,TRAJ52*01,*SQKYRHMIMEC
CAGCAGTCTGTGCTGC,1.0,1.0,TRA,TRAV12-1*01,,TRAJ43*01,VWDRHNTIIMTCA
GGGCCTATTTAAGTAT,1.0,1.0,TRA,TRAV1-2*01,,TRAJ3*01,TPSVLTPSPAV
CATTTGAGTGGTACGT,1.0,1.0,TRA,TRAV1-2*01,,TRAJ49*01,NRVT
CAGCCTCTCCTCAAGA,1.0,1.0,TRA,TRAV10*01,,TRAJ11*01,PHPFLT
CCCTCGATAATACACA,1.0,1.0,TRA,TRAV10*01,,TRAJ12*01,QDHIQQL
CTCACATTTACTAAAT,1.0,1.0,TRA,TRAV10*01,,TRAJ18*01,KVICLVVYL*SLKSLEFLECTVYEVKSRLH*KLFSSALSQ*GS
CTTACATAGATTTCTT,1.0,1.0,TRA,TRAV10*01,,TRAJ35*01,APPPQIILEVRIPLGM
CTTACATAGATTTCTT,1.0,1.0,TRA,TRAV10*01,,TRAJ8*01,PVC*FHSQVF*PDDCTTTSRHLISATLEVVGFQPVLV
TCGCTCGGCACCAGCG,1.0,1.0,TRA,TRAV11*01,,TRAJ10*01,IF*N*RAVYS
AGATGCAAGACGTGCA,1.0,1.0,TRA,TRAV11*01,,TRAJ16*01,CHTCHG
ATCCTGAATCGCTGCG,1.0,1.0,TRA,TRAV11*01,,TRAJ16*01,SVCVISD
TGCCCGATAGTTAGAA,1.0,1.0,TRA,TRAV11*01,,TRAJ25*01,NPTNPSFI
GCACTAGTCGCGCTAT,1.0,1.0,TRA,TRAV11*01,,TRAJ31*01,THTIS
AGATGCAAGACGTGCA,1.0,1.0,TRA,TRAV11*01,,TRAJ32*02,L
CTATAGGCGTTGATGT,1.0,1.0,TRA,TRAV12-1*01,,TRAJ15*01,PSVL*
TATACACGCAAAGTAT,1.0,1.0,TRA,TRAV12-1*01,,TRAJ27*01,PAPSLKHAPTP
GGCGCTCCTCATCAAT,1.0,1.0,TRA,TRAV12-1*01,,TRAJ42*01,KNFREGKISS
CAGCAGTCTGTGCTGC,1.0,1.0,TRA,TRAV12-1*01,,TRAJ43*01,VGPTQYNNNDMC
GTACGTCACGTATTAA,1.0,1.0,TRA,TRAV13-2*01,,TRAJ29*01,THL
TTAGAGTTTAGAAGGA,1.0,1.0,TRA,TRAV13-2*01,,TRAJ53*01,QRIRLLSGICSIAT*DGR*
AAGGAGAACTTATAAG,1.0,1.0,TRA,TRAV22*01,,TRAJ10*01,NSYGTGSKAKDFCIDTGYTLT
TATACTCATGCGGCAA,1.0,1.0,TRA,TRAV2*01,,TRAJ10*01,MWPQSGNS
TTACAGACCTAAATGA,1.0,1.0,TRA,TRAV2*01,,TRAJ28*01,PTHGSS*LKTH
AGGTGGTGACCTTCGC,1.0,1.0,TRA,TRAV2*01,,TRAJ53*01,RERQL
ACCAACCGCACTCCAC,1.0,1.0,TRA,TRAV20*01,,TRAJ26*01,AVLVSALENDGHGQ
ACTGTGCTAGTAGATC,1.0,1.0,TRA,TRAV20*02,,TRAJ20*01,AISLNDYKQA
ACTGTGCTAGTAGATC,1.0,1.0,TRA,TRAV20*02,,TRAJ20*01,CFLKRLQAQA
TGTTCCGGCCTGAGCT,1.0,1.0,TRA,TRAV21*01,,TRAJ19*01,HSA
GATGACAAGTAGGGCA,1.0,1.0,TRA,TRAV21*01,,TRAJ21*01,SYNK
TAAGAGGGACAGGGAC,1.0,1.0,TRA,TRAV21*01,,TRAJ28*01,AVRFLSWGWELPAH
TTATGCGTCCCGGTCC,1.0,1.0,TRA,TRAV21*01,,TRAJ28*01,AVRFLSWGWELPTH
TTATGCGTCCCGGTCC,1.0,1.0,TRA,TRAV21*01,,TRAJ28*01,AVRFLSWGWELPTSL
GCCTGTCCCGGTGCAT,1.0,1.0,TRA,TRAV21*01,,TRAJ28*01,CAIFELGLELPTH
AGACATAGATCCTTCC,1.0,1.0,TRA,TRAV21*01,,TRAJ4*01,WW
AGGGCGAGCAGCTGAT,1.0,1.0,TRA,TRAV21*01,,TRAJ48*01,AVRDREMFGYMKL
TCCTTACGACGGTCCG,1.0,1.0,TRA,TRAV21*01,,TRAJ49*01,NPRNHFCLSPSSS
TATGGGTACGTATCGT,1.0,1.0,TRA,TRAV21*01,,TRAJ57*01,ALARGPQMSDGCHSG
ATATAACACGGGCGCA,1.0,1.0,TRA,TRAV21*01,,TRAJ58*01,AERAEKPGGSG*A
TTAAACCTGGTTCCTT,1.0,1.0,TRA,TRAV21*02,,TRAJ24*01,VLLRFLSWG
TTGGCCATCTTGCGCT,1.0,1.0,TRA,TRAV2*01,,TRAJ18*01,CATALHPG
TGATTCTGTCGCCGGT,1.0,1.0,TRA,TRAV19*01,,TRAJ41*01,NISVVYVCGYA
ATCTGCACCTCTGCGA,1.0,1.0,TRA,TRAV14/DV4*01,,TRAJ1*01,GLGAQFIGNRKKRSI
AACCATGGGATCGCTA,1.0,1.0,TRA,TRAV19*01,,TRAJ39*01,VWEPKVLQATCSP
AGCTTATAGAGACCTG,1.0,1.0,TRA,TRAV14/DV4*02,,TRAJ26*01,AMREPDLGNTLC
CTGCCTTTCTAGTAAA,1.0,1.0,TRA,TRAV14/DV4*02,,TRAJ27*01,RNVFNAFFL**SMQI
AGCTTATAGAGACCTG,1.0,1.0,TRA,TRAV14/DV4*02,,TRAJ29*01,Q*ESLSRNTP
CCTTCGTATAGAATCC,1.0,1.0,TRA,TRAV16*01,,TRAJ11*01,TEMNPH
AGACTAGCCTTCCAGA,1.0,1.0,TRA,TRAV16*01,,TRAJ28*01,ATMGL
AGAACGTGGTACATTC,1.0,1.0,TRA,TRAV17*01,,TRAJ2*01,ATDCILK*ILNN
TCTCCAACGTAGGTTA,1.0,1.0,TRA,TRAV17*01,,TRAJ28*01,RPHTQLGL
AGGCGTCTATGGACGG,1.0,1.0,TRA,TRAV17*01,,TRAJ33*01,CLWCAGQLSN
CGAGCGTTGATCAGCC,1.0,1.0,TRA,TRAV18*01,,TRAJ10*01,AAGG
CTCATGGTAATTTGCG,1.0,1.0,TRA,TRAV18*01,,TRAJ25*01,TIRQCMHVGVSFT
CAGAATAACACACGGA,1.0,1.0,TRA,TRAV18*01,,TRAJ3*01,Q*QAAIGNRGGSS
TAGCAGTATGACTAAA,1.0,1.0,TRA,TRAV18*01,,TRAJ6*01,KA
AACTGGGTTCGAGCCG,1.0,1.0,TRA,TRAV18*01,,TRAJ9*01,RDFK
GGTGAAACCGGGAATG,1.0,1.0,TRA,TRAV19*01,,TRAJ17*01,LLIFKSFTFVIKSKSHYFFYLFEISCGLKNA
AACCATGGGATCGCTA,1.0,1.0,TRA,TRAV19*01,,TRAJ39*01,ALGQKYFEQHVT
AACCATGGGATCGCTA,1.0,1.0,TRA,TRAV19*01,,TRAJ39*01,AQANKYDNMLT
AACCATGGGATCGCTA,1.0,1.0,TRA,TRAV19*01,,TRAJ39*01,SRPRSNAGNMLT
GACTCGCGGGAATGAC,1.0,1.0,TRA,TRAV36/DV7*01,,TRAJ41*01,LWRHSAPQSPAACTQI
TAAGCAGGCGACACGC,1.0,1.0,TRA,TRAV36/DV7*01,,TRAJ41*01,LWRHSAPQSPAACTQI
CCCGTCAGCGTCTGAC,1.0,1.0,TRA,TRAV36/DV7*01,,TRAJ41*01,LWSWCSLVTCSLYSNS
AACGCTGTTGCTGAAA,1.0,1.0,TRA,TRAV8-2*01,,TRAJ8*01,VVSDTVFETAGG*T
CTGCGGGTGAAATGTT,1.0,1.0,TRA,TRAV8-3*02,,TRAJ56*01,AVVYPKPLGCLFIQIR*TGA
TGCCTGACATCGGTCA,1.0,1.0,TRA,TRAV8-4*01,,TRAJ41*01,L*VIHSRVCTN
TGCCTGACATCGGTCA,1.0,1.0,TRA,TRAV8-4*01,,TRAJ41*01,SVRANSRYALN
TGCCTGACATCGGTCA,1.0,1.0,TRA,TRAV8-4*01,,TRAJ41*01,YE*G*FQVCTQ
TGCCTGACATCGGTCA,1.0,1.0,TRA,TRAV8-4*02,,TRAJ41*01,CE*G*FRYT*
CTTTACCGAATAGTAG,1.0,1.0,TRA,TRAV8-6*01,,TRAJ12*01,PRGP*QL*
ACAAGCAGTGCCTAGC,1.0,1.0,TRA,TRAV8-7*01,,TRAJ15*01,ARRRQLRAG
CAAGCACCAAATGCCT,1.0,1.0,TRA,TRAV9-1*01,,TRAJ21*01,RGVYTTS
CTGCACAACTACATAT,1.0,1.0,TRA,TRAV9-1*01,,TRAJ37*01,LATSSG
AAACCTAAGCAGCCGG,1.0,1.0,TRA,TRBV7-2*02,,TRAJ33*01,CCC*S
CCACACTGAGATATTA,1.0,1.0,TRA,TRAV8-3*01,,TRAJ28*01,GVHWRLHHHGEAGA
CACTACTCAGTTCTGT,1.0,1.0,TRA,TRAV8-2*01,,TRAJ5*01,VVSDTVLETAGE
CACTACTCAGTTCTGT,1.0,1.0,TRA,TRAV8-2*01,,TRAJ5*01,L*VTQCLRLQES
AGTTTGCACCTGCCTC,1.0,1.0,TRA,TRAV41*01,,TRAJ58*01,DDGSSVGSLGL*V
GCACTGTGCAAATGTA,1.0,1.0,TRA,TRAV41*01,,TRAJ58*01,MDPSWVLRL*V
CGTGACCAGTCCTCTG,1.0,1.0,TRA,TRAV41*01,,TRAJ58*01,QMMDLSRFSWALG
AATGTTAAGACCCTGA,1.0,1.0,TRA,TRAV5*01,,TRAJ36*01,SN
AAATCCGATACACGCC,1.0,1.0,TRA,TRAV6*01,,TRAJ19*01,TLLVPQFYN
CTAGTATTCGGAATTA,1.0,1.0,TRA,TRAV6*01,,TRAJ21*01,KSLSLW*IL
TTGAGAAGTTTAGCAT,1.0,1.0,TRA,TRAV7*01,,TRAJ20*01,YEIG*TNKKLC
ACAAATGGTAGTGTTT,1.0,1.0,TRA,TRAV7*01,,TRAJ48*01,RPSH*L
ACAAAGCATGACCTAG,1.0,1.0,TRA,TRAV7*01,,TRAJ58*01,GEVWLVSLPLLT
ACAGCATAGAGCCAGT,1.0,1.0,TRA,TRAV8-1*01,,TRAJ30*01,KTGGQFRQRSS
AGGCCTGAGAATCTCG,1.0,1.0,TRA,TRAV8-1*01,,TRAJ45*01,CSPGLC*G
CGCCCTTGAAGGCTGA,1.0,1.0,TRA,TRAV8-1*01,,TRAJ47*01,G
CTGATAGTGTATCTCA,1.0,1.0,TRA,TRAV8-2*01,,TRAJ10*01,MVFLEYMADREYS
TTACAACTACGCATCC,1.0,1.0,TRA,TRAV8-2*01,,TRAJ17*01,A
CAGCTCGTGCTTGTGT,1.0,1.0,TRA,TRAV8-2*01,,TRAJ22*01,VVFVNFLL
CACTACTCAGTTCTGT,1.0,2.0,TRA,TRAV8-2*01,,TRAJ5*01,CE*HSA*DCRRA
CACTACTCAGTTCTGT,1.0,1.0,TRA,TRAV8-2*01,,TRAJ5*01,CE*HSV*DCRRA
TGATCAGGGAACTGCT,1.0,1.0,TRA,TRAV41*01,,TRAJ37*01,VGESENELTRAAKVLGQLTG
CATCGCCCGCGGCCAA,1.0,1.0,TRA,TRAV41*01,,TRAJ58*01,*WIFSGFSWALG
CTATGCCCGAATGCAA,1.0,1.0,TRA,TRAV41*01,,TRAJ20*01,SCYHLC
CCCGTCAGCGTCTGAC,1.0,1.0,TRA,TRAV36/DV7*01,,TRAJ46*01,AVEAILLVTCSLYSILQLT
AAGGAGAACTTATAAG,1.0,1.0,TRA,TRAV36/DV7*05,,TRAJ41*01,AVEAQCSLVTCSLYSNS
TAAGCAGGCGACACGC,1.0,1.0,TRA,TRAV36/DV7*05,,TRAJ41*01,CGGTVL*SPAACTQI
AGCAGTCGAAGCATGC,1.0,1.0,TRA,TRAV36/DV7*05,,TRAJ41*01,CGGTVLLVPAACTQI
TAAGCAGGCGACACGC,1.0,1.0,TRA,TRAV36/DV7*05,,TRAJ41*01,CGGTVLPSHLQPVLKF
CCCGTCAGCGTCTGAC,1.0,1.0,TRA,TRAV36/DV7*05,,TRAJ41*01,CGGTVLPSHYSLYSNS
CATTTATCGTTCAAGA,1.0,1.0,TRA,TRAV36/DV7*05,,TRAJ41*01,CGGTVRP*YLRRKSVLKF
TAAGCAGGCGACACGC,1.0,1.0,TRA,TRAV36/DV7*05,,TRAJ41*01,CGKKLPQPLQPVPPNS
GACTCGCGGGAATGAC,1.0,1.0,TRA,TRAV36/DV7*05,,TRAJ41*01,IVMQCSLVTCSLYSNS
CGCACATGTCCACTAC,1.0,1.0,TRA,TRAV36/DV7*05,,TRAJ41*01,LWRHSAP*SAAVLKF
CATTTATCGTTCAAGA,1.0,1.0,TRA,TRAV36/DV7*05,,TRAJ41*01,LWRHSAPQMDSACTQI
CGCACATGTCCACTAC,1.0,1.0,TRA,TRAV36/DV7*05,,TRAJ41*01,LWRHSAPSHLQPVLKF
AAGGAGAACTTATAAG,1.0,1.0,TRA,TRAV36/DV7*05,,TRAJ41*01,LWRHSTPLITCSLYSNS
AAGGAGAACTTATAAG,1.0,1.0,TRA,TRAV36/DV7*05,,TRAJ8*01,CGGTVSPSHQ*NCTQIYTGS
TATAAATCCACAAGCT,1.0,1.0,TRA,TRAV38-1*01,,TRAJ11*01,H
CCAGCCTGGACCAATA,1.0,1.0,TRA,TRAV38-1*01,,TRAJ19*01,LNLYSIAIRSYN
CTTCACGCCCTGGTAC,1.0,1.0,TRA,TRAV38-1*01,,TRAJ30*01,TLKESNLQGNRKREKYSVGRDEK
GGTGTAGGTAAGTAAA,1.0,1.0,TRA,TRAV38-1*01,,TRAJ4*01,VYPVFS
CGTTGAATACCGCGCT,1.0,1.0,TRA,TRAV38-1*01,,TRAJ5*01,GDPGPHLVGVVGAG
CCCGTCAGCGTCTGAC,1.0,1.0,TRA,TRAV36/DV7*05,,TRAJ41*01,AVEAQYSLVTA*PVLKF
AACACGCGGCCGCGAA,1.0,1.0,TRA,TRAV36/DV7*05,,TRAJ38*01,IML
TAAGCCCTTACGACCA,1.0,1.0,TRA,TRAV38-1*01,,TRAJ54*01,EHY*KNKPLCPFSGPRAQ
AATCCATGCAAGGGTG,1.0,1.0,TRA,TRAV36/DV7*05,,TRAJ3*01,LWRAQC
AATCCATGCAAGGGTG,1.0,1.0,TRA,TRAV36/DV7*02,,TRAJ10*01,L*VQCSQSRNCTHSQLRLCNCKMGNLLH*RSSKQ
CCCGTCAGCGTCTGAC,1.0,1.0,TRA,TRAV36/DV7*02,,TRAJ12*01,CGAVP*SAA
CCCGTCAGCGTCTGAC,1.0,1.0,TRA,TRAV36/DV7*02,,TRAJ41*01,AVVMLVLQPVLKF
TAAGCAGGCGACACGC,1.0,1.0,TRA,TRAV36/DV7*02,,TRAJ41*01,LWEAQCSSHLQPVLKF
GAGTCAGACCAGAATC,1.0,1.0,TRA,TRAV36/DV7*02,,TRAJ44*01,LP
CCCGTCAGCGTCTGAC,1.0,1.0,TRA,TRAV36/DV7*03,,TRAJ18*01,PEA
AATCCATGCAAGGGTG,1.0,1.0,TRA,TRAV36/DV7*03,,TRAJ20*01,SS
AATCCATGCAAGGGTG,1.0,1.0,TRA,TRAV36/DV7*03,,TRAJ41*01,*AQCSLVTCSLYSNS
CGCACATGTCCACTAC,1.0,1.0,TRA,TRAV36/DV7*04,,TRAJ18*01,CGHSGSSHLRPPPNSTAEA
AATCCATGCAAGGGTG,1.0,1.0,TRA,TRAV36/DV7*04,,TRAJ18*01,CGR
AATCCATGCAAGGGTG,1.0,1.0,TRA,TRAV36/DV7*04,,TRAJ24*01,AVGLCSLVTCSLYSDSTA
CCCGTCAGCGTCTGAC,1.0,1.0,TRA,TRAV36/DV7*04,,TRAJ41*01,CRPDAPCPQPVLKF
AATCCATGCAAGGGTG,1.0,1.0,TRA,TRAV36/DV7*04,,TRAJ41*01,NTVEAQVLP*SPAACTQI
AATCCATGCAAGGGTG,1.0,1.0,TRA,TRAV36/DV7*04,,TRAJ8*01,RHRL
CATTTATCGTTCAAGA,1.0,1.0,TRA,TRAV36/DV7*05,,TRAJ17*01,LWKLQ
CGCACATGTCCACTAC,1.0,1.0,TRA,TRAV36/DV7*05,,TRAJ18*01,AMEAQCLVTCSPAHSS*RL
CATCTTACACCACCTC,1.0,1.0,TRA,TRAV36/DV7*05,,TRAJ3*01,KGRRHSAP
CAATATGTAGATTTAC,1.0,1.0,TRA,TRAV38-1*01,,TRAJ53*01,IDTL*
ATAAACGTTGCACCAC,1.0,1.0,TRA,TRAV38-2/DV8*01,,TRAJ29*01,KAHANTTHHLS
CGGGTTCGGCACGTAT,1.0,1.0,TRA,TRAV41*01,,TRAJ1*01,APLKV
GTGAGGACACTTAAGG,1.0,1.0,TRA,TRAV39*01,,TRAJ37*01,CCC*S
TCACGCATTGTAGATC,1.0,1.0,TRA,TRAV4*01,,TRAJ1*01,LVTS
CCTCGCCAGCAAATTA,1.0,1.0,TRA,TRAV4*01,,TRAJ16*01,RG*HTVRQM
TATACTCATGCGGCAA,1.0,1.0,TRA,TRAV4*01,,TRAJ16*01,RHHCTFQWP
CAGCCTCTCCTCAAGA,1.0,1.0,TRA,TRAV4*01,,TRAJ18*01,LQGCWSCTALNSGLVQAEA
GACTGATTGGTCACAA,1.0,1.0,TRA,TRAV4*01,,TRAJ21*01,NKSD
GTTTGGTGATCGGTGC,1.0,1.0,TRA,TRAV4*01,,TRAJ21*01,T*NRLCMCKRLQQ
GTTTGGTGATCGGTGC,1.0,1.0,TRA,TRAV4*01,,TRAJ21*01,TNLT
TCCGAACTTGGCTTAC,1.0,1.0,TRA,TRAV4*01,,TRAJ24*01,HCPQLTA
TCCGAACTTGGCTTAC,1.0,1.0,TRA,TRAV4*01,,TRAJ24*01,SLPQLSAG
TCCGAACTTGGCTTAC,1.0,1.0,TRA,TRAV4*01,,TRAJ24*02,RCPN*QLGEIA
TCCGAACTTGGCTTAC,1.0,1.0,TRA,TRAV4*01,,TRAJ24*02,SLPQN*QLEIA
CCTCGCCAGCAAATTA,1.0,1.0,TRA,TRAV4*01,,TRAJ28*01,RG*YTVR*ILHSVLFSLWGGS
CCTCGCCAGCAAATTA,1.0,1.0,TRA,TRAV4*01,,TRAJ28*01,SWVTHSGQMGLHLCRFPLWGGS
CCTCGCCAGCAAATTA,1.0,1.0,TRA,TRAV4*01,,TRAJ30*01,GDTE
CCTCTAATCTGCCAAG,1.0,1.0,TRA,TRAV4*01,,TRAJ35*01,FVVIYSETDGPGLCC
ATAACGTTACCTCCAC,1.0,1.0,TRA,TRAV4*01,,TRAJ50*01,ACSY
ACGGCGGGTTGCCCTG,1.0,1.0,TRA,TRAV40*01,,TRAJ17*01,QLQ
AACTTTAGCTGCTGAG,1.0,1.0,TRA,TRAV4*01,,TRAJ1*01,LLPP
CTTCTTACGTCGTATA,1.0,1.0,TRA,TRAV39*01,,TRAJ37*01,CCC*S
ATCCTGAATCGCTGCG,1.0,1.0,TRA,TRAV38-2/DV8*01,,TRAJ29*01,VYLWPSAITLIINHL
CACAATGAGCTGCTAT,1.0,1.0,TRA,TRAV39*01,,TRAJ37*01,CCC*S
AAGAAGGATCAGTTAG,1.0,1.0,TRA,TRAV38-2/DV8*01,,TRAJ44*01,A*DPLGQHCIKLT
AAGAAGGATCAGTTAG,1.0,1.0,TRA,TRAV38-2/DV8*01,,TRAJ44*01,ETLGRHRQ*TAP
AAGAAGGATCAGTTAG,1.0,1.0,TRA,TRAV38-2/DV8*01,,TRAJ44*01,L*DPLGRHCQ*TH
AAGAAGGATCAGTTAG,1.0,1.0,TRA,TRAV38-2/DV8*01,,TRAJ44*01,L*TLQRYQ*NSP
AAGAAGGATCAGTTAG,1.0,1.0,TRA,TRAV38-2/DV8*01,,TRAJ44*01,LMRPSGAALQCDSP
ACTTAGTACGACAAGA,1.0,1.0,TRA,TRAV39*01,,TRAJ10*01,IPLCACTPALT
CCTTGTGAACGTGGTT,1.0,1.0,TRA,TRAV39*01,,TRAJ12*01,LRHGLHK
CTGTACTTCTTAGCAT,1.0,1.0,TRA,TRAV39*01,,TRAJ15*01,EI
TTGAGAAGTTTAGCAT,1.0,1.0,TRA,TRAV39*01,,TRAJ16*01,EILLEGPCHVLVSALVLMA
TTGAGAAGTTTAGCAT,1.0,1.0,TRA,TRAV39*01,,TRAJ16*01,EILLGKATWCCHGACCDG
TGACAACTTAAAGGTG,1.0,1.0,TRA,TRAV39*01,,TRAJ16*01,ETC*EGHLVCRLGCPC*WP
ACTTAGTACGACAAGA,1.0,1.0,TRA,TRAV39*01,,TRAJ16*01,ETLLGRPLHAVLVSAL*WP
GCGAGGCCCGAGCAGA,1.0,1.0,TRA,TRAV39*01,,TRAJ23*01,SESSVTKL
TTGTAATCCGTACTCG,1.0,1.0,TRA,TRAV39*01,,TRAJ24*01,TDSLSSDS
AATTAGCGCTGCAGCG,1.0,1.0,TRA,TRAV39*01,,TRAJ25*01,PLAEG
GCGAATGGACTAGCGA,1.0,1.0,TRA,TRAV39*01,,TRAJ26*01,RDPARKATLYARLV
AACATTGAAGTTGATC,1.0,1.0,TRA,TRAV39*01,,TRAJ35*01,EILLGKATLASMC
