Uncorrected Count,UMI Corrected,Locus,V,D,J,CDR3_aa
12,5,TRB,TRBV7-3*01,TRBD1*01,TRBJ1-1*01,ASSLTPVRQPNTEAF
12,7,TRB,TRBV7-3*01,TRBD1*01,TRBJ1-1*01,ASSLTPVRQPNTEAF
11,5,TRB,TRBV7-2*01,TRBD1*01,TRBJ1-1*01,QQLPGQGH*SF
8,3,TRB,TRBV21-1*01,TRBD1*01,TRBJ1-3*01,ASSMVELDRGMETPY
8,5,TRB,TRBV5-1*01,TRBD1*01,TRBJ2-1*01,ASSPGQGRAMSSS
7,5,TRB,TRBV7-2*01,TRBD1*01,TRBJ1-1*01,QQLPGQGH*SF
7,7,TRB,TRBV4-2*01,TRBD2*01,TRBJ2-3*01,PAASRT*QERSQIRGS
6,4,TRB,TRBV21-1*01,TRBD1*01,TRBJ1-3*01,ASSMVELDRGMETPY
6,6,TRB,TRBV27*01,TRBD1*01,TRBJ1-4*01,QQPRQP**KL
5,3,TRB,TRBV20-1*05,TRBD1*01,TRBJ2-1*01,C*THRGKTSS
5,3,TRB,TRBV5-1*01,TRBD1*01,TRBJ2-1*01,ASSPGQGRAMSSS
5,1,TRB,TRBV7-9*03,TRBD2*01,TRBJ2-2*01,PAATAAERAGTV
5,1,TRB,TRBV20-1*05,TRBD1*01,TRBJ2-1*01,C*THRGKTSS
5,4,TRB,TRBV12-4*01,TRBD1*01,TRBJ1-2*01,PAAQDRAMATP
5,3,TRB,TRBV7-3*01,TRBD1*01,TRBJ2-1*01,ASSLMAGGNNEQF
4,3,TRB,TRBV20-1*05,TRBD1*01,TRBJ2-1*01,C*THRGKTSS
4,2,TRB,TRBV7-2*01,TRBD1*01,TRBJ1-1*01,QQLPGQGH*SF
4,2,TRB,TRBV7-2*01,TRBD1*01,TRBJ1-1*01,QQLPGQGH*SF
4,3,TRB,TRBV20-1*05,TRBD1*01,TRBJ2-1*01,C*THRGKTSS
4,3,TRB,TRBV27*01,TRBD1*01,TRBJ1-4*01,QQPRQP**KL
4,1,TRB,TRBV4-3*01,TRBD2*02,TRBJ1-6*01,ASSQPGNVNSPLH
4,4,TRB,TRBV25-1*01,TRBD2*02,TRBJ2-3*01,QQ*GGRTRYAV
4,3,TRB,TRBV6-2*01,TRBD2*02,TRBJ1-5*01,ASSSPGEISAPA
4,2,TRB,TRBV12-2*01,TRBD1*01,TRBJ2-3*01,NVFPPEVAVFEPSEAEISHTQRHTGVPGHRLLPRPRGAELVGEWEGGAQWGQHRPA
4,3,TRB,TRBV7-9*03,TRBD2*01,TRBJ2-2*01,PAATAAEPRGL
3,2,TRB,TRBV7-2*01,TRBD1*01,TRBJ1-1*01,QQLPGQGH*SF
3,2,TRB,TRBV10-3*01,TRBD1*01,TRBJ2-7*01,PSV*QGTSST
3,3,TRB,TRBV10-3*01,TRBD1*01,TRBJ2-7*01,PSV*QGTSST
3,2,TRB,TRBV11-2*01,TRBD1*01,TRBJ2-1*01,PAAVGGSTMSSS
3,2,TRB,TRBV11-2*01,TRBD1*01,TRBJ2-1*01,PAAVGGSTMSSS
3,1,TRB,TRBV20-1*05,TRBD1*01,TRBJ2-1*01,C*THRGMTSS
3,2,TRB,TRBV6-2*01,TRBD2*02,TRBJ1-5*01,ASSSPGEISAPA
3,3,TRB,TRBV7-9*03,TRBD2*01,TRBJ2-2*01,PAATAAERAGTV
3,1,TRB,TRBV4-3*01,TRBD2*02,TRBJ1-6*01,ASSQPGNVNSPLH
3,1,TRB,TRBV12-4*01,TRBD1*01,TRBJ1-2*01,PAAQDRAMATP
3,3,TRB,TRBV7-2*01,TRBD1*01,TRBJ1-1*01,QQLPGQGH*SF
3,3,TRB,TRBV7-9*03,TRBD2*01,TRBJ2-2*01,PAATAAEHAGTV
3,2,TRB,TRBV7-9*03,TRBD2*01,TRBJ2-2*01,PAATAAERAGTV
3,2,TRB,TRBV25-1*01,TRBD2*02,TRBJ2-3*01,QQ*GGRTRYAV
2,2,TRB,TRBV20-1*05,TRBD1*01,TRBJ2-1*01,C*THRGKTSS
2,2,TRB,TRBV7-9*03,TRBD2*01,TRBJ2-2*01,PAATAAEHAGTV
2,1,TRB,TRBV14*01,TRBD2*01,TRBJ2-3*01,GVLPEGGRDPQAAAQAV
2,2,TRB,TRBV7-2*01,TRBD1*01,TRBJ1-1*01,QQLPGQGH*SF
2,2,TRB,TRBV7-9*03,TRBD2*01,TRBJ2-2*01,PAATAAELAGTV
2,1,TRB,TRBV20-1*01,TRBD1*01,TRBJ2-1*01,VLDSQGKDQF
2,2,TRB,TRBV20-1*05,TRBD1*01,TRBJ2-1*01,C*THRGKTSS
2,1,TRB,TRBV20-1*01,TRBD1*01,TRBJ2-1*01,VLDSQGKDQF
2,2,TRB,TRBV12-2*01,TRBD1*01,TRBJ2-3*01,NVFPPEVAVFEPSEAEISHTQRHTGVPGHRLLPRPRGAELVGEWEGGAQWGQHRPA
2,1,TRB,TRBV7-3*01,TRBD1*01,TRBJ2-1*01,ASSLMAGGNNEQF
2,2,TRB,TRBV5-1*01,TRBD1*01,TRBJ2-1*01,ASSPGQGRAMSSS
2,1,TRB,TRBV4-2*01,TRBD2*01,TRBJ2-3*01,PAASRT*QERSQIRGS
2,2,TRB,TRBV5-4*01,TRBD1*01,TRBJ2-7*01,PAAPNRWPTSST
2,1,TRB,TRBV5-4*01,TRBD1*01,TRBJ2-7*01,PAAPNRWPTSST
2,1,TRB,TRBV20-1*05,TRBD1*01,TRBJ2-1*01,C*THRGKTSS
2,2,TRB,TRBV20-1*05,TRBD1*01,TRBJ2-1*01,C*THRGKTSS
1,1,TRB,TRBV7-2*01,TRBD1*01,TRBJ1-1*01,QQLPGQGH*SF
1,1,TRB,TRBV7-2*01,TRBD1*01,TRBJ1-1*01,QQLRGQGH*SF
1,1,TRB,TRBV7-2*01,TRBD1*01,TRBJ1-1*01,QHLPGQGH*SF
1,1,TRB,TRBV6-5*01,TRBD1*01,TRBJ2-1*01,ASSYRAPRGYNEQF
1,1,TRB,TRBV7-2*01,TRBD1*01,TRBJ1-1*01,QQLPGQGH*SF
1,1,TRB,TRBV7-9*01,TRBD1*01,TRBJ2-2*01,PAATAAEPAGTV
1,1,TRB,TRBV7-2*01,TRBD1*01,TRBJ1-1*01,QQPPGQGH*SF
1,1,TRB,TRBV7-2*01,TRBD1*01,TRBJ1-1*01,QRFRGQGH*SF
1,1,TRB,TRBV7-9*03,TRBD2*01,TRBJ2-3*01,PAATAAESAGTV
1,1,TRB,TRBV7-9*03,TRBD2*01,TRBJ2-2*01,PAATPAEHAGTV
1,1,TRB,TRBV7-9*03,TRBD2*01,TRBJ2-2*01,PAATASELAGTV
1,1,TRB,TRBV7-9*03,TRBD2*01,TRBJ2-2*01,PAATAPELAGTV
1,1,TRB,TRBV7-9*03,TRBD2*01,TRBJ2-2*01,PAATAAERAGTV
1,1,TRB,TRBV7-9*03,TRBD2*01,TRBJ2-2*01,PAATAAERAGTV
1,1,TRB,TRBV7-9*03,TRBD2*01,TRBJ2-2*01,PAATAAERAGTV
1,1,TRB,TRBV7-9*03,TRBD2*01,TRBJ2-2*01,PAATAAEPRGL
1,1,TRB,TRBV7-9*03,TRBD2*01,TRBJ2-2*01,PAATAAEPRGL
1,1,TRB,TRBV7-9*03,TRBD2*01,TRBJ2-2*01,PAATAAEPRGL
1,1,TRB,TRBV7-9*03,TRBD2*01,TRBJ2-2*01,PAATAAELPGTV
1,1,TRB,TRBV7-9*03,TRBD2*01,TRBJ2-2*01,PAATAAELAGTV
1,1,TRB,TRBV7-9*03,TRBD2*01,TRBJ2-2*01,PAATAAELAGTV
1,1,TRB,TRBV7-9*03,TRBD2*01,TRBJ2-2*01,PAATAAELAGTF
1,1,TRB,TRBV7-9*03,TRBD2*01,TRBJ2-2*01,PAATAAEHAGTV
1,1,TRB,TRBV7-9*03,TRBD2*01,TRBJ2-2*01,PAATAAEHAGTV
1,1,TRB,TRBV7-9*03,TRBD2*01,TRBJ2-2*01,PAATAAEHAGTV
1,1,TRB,TRBV7-9*03,TRBD2*01,TRBJ2-2*01,PAATAAEHAGTV
1,1,TRB,TRBV7-9*03,TRBD2*01,TRBJ2-2*01,PAATAAEHAGTV
1,1,TRB,TRBV7-9*01,TRBD2*01,TRBJ2-2*01,PAATAAELAGTV
1,1,TRB,TRBV7-9*01,TRBD2*01,TRBJ2-2*01,PAASAAEPAGTV
1,1,TRB,TRBV6-2*01,TRBD2*02,TRBJ1-5*01,QQFTGRDISPS
1,1,TRB,TRBV7-3*01,TRBD1*01,TRBJ2-1*01,ASS*MGWGRYEQF
1,1,TRB,TRBV7-3*01,TRBD1*01,TRBJ1-1*01,VSSLTPVRQPNTEAF
1,1,TRB,TRBV7-3*01,TRBD1*01,TRBJ1-1*01,ASSLTPVRQPNTEAF
1,1,TRB,TRBV6-2*01,TRBD2*02,TRBJ2-1*01,QQFTGRDIRAS
1,1,TRB,TRBV10-3*01,TRBD1*01,TRBJ2-7*01,PSV*QGTSST
1,1,TRB,TRBV6-2*01,TRBD2*02,TRBJ1-5*01,PAVHRERYQPQH
1,1,TRB,TRBV6-2*01,TRBD2*02,TRBJ1-5*01,PAVHRERYQPQH
1,1,TRB,TRBV20-1*05,TRBD1*01,TRBJ2-1*01,C*THR*KTSS
1,1,TRB,TRBV20-1*05,TRBD1*01,TRBJ2-1*01,C*KHRGKTSS
1,1,TRB,TRBV20-1*05,TRBD1*01,TRBJ1-4*01,C*THRGKNC
1,1,TRB,TRBV20-1*01,TRBD1*01,TRBJ2-1*01,VLDSQGNDQF
1,1,TRB,TRBV2*01,TRBD1*01,TRBJ2-7*01,ASSQRSVGTAA
1,1,TRB,TRBV19*01,TRBD2*02,TRBJ1-3*01,KQQ*GNRGGRVFGSSSAILIINSGRIHCALPGGTEVVAATSWGWESSS
1,1,TRB,TRBV19*01,TRBD2*02,TRBJ1-3*01,KQQ*GNRGGRVFGSSSAILIINSGRIHCALPGGTEVVAATSWGWESSS
1,1,TRB,TRBV19*01,TRBD2*02,TRBJ1-3*01,KQQ*GNRGGRVFGSSSAILIINSGRIHCALPGGTEVVAATSWGWESSS
1,1,TRB,TRBV19*01,TRBD2*02,TRBJ1-3*01,KQQ*GNRGGRVFGSSSAILIINSGRIHCALPGGTEVVAATSWGWESSS
1,1,TRB,TRBV14*01,TRBD2*01,TRBJ2-3*01,GVLPEGGRDPQAAAQAV
1,1,TRB,TRBV14*01,TRBD2*01,TRBJ2-3*01,GVLPEGGRDPQAAAQAV
1,1,TRB,TRBV14*01,TRBD2*01,TRBJ2-3*01,GVLPEGGRDPQAAAQAV
1,1,TRB,TRBV14*01,TRBD2*01,TRBJ2-3*01,GVLPEGGRDPQAAAQAV
1,1,TRB,TRBV14*01,TRBD1*01,TRBJ1-6*01,GPP
1,1,TRB,TRBV14*01,TRBD1*01,TRBJ1-3*01,*EMRSRVRIF*STQIGSRYRRILVRMKNDLVRFWSCPLE
1,1,TRB,TRBV14*01,TRBD1*01,TRBJ1-3*01,*EMRSRVRIF*STQIGSRYLRTMTRMKNDLLW
1,1,TRB,TRBV14*01,TRBD1*01,TRBJ1-3*01,*EMRSRVRIF*STQIGRWYLRIMTRMKNDLGW
1,1,TRB,TRBV12-4*01,TRBD1*01,TRBJ1-2*01,PAAQDRAMATP
1,1,TRB,TRBV12-3*01,TRBD2*01,TRBJ2-7*01,QRFY*HTLRQY
1,1,TRB,TRBV11-2*01,TRBD1*01,TRBJ2-3*01,ASRRPRDSNEQF
1,1,TRB,TRBV11-2*01,TRBD1*01,TRBJ2-1*01,PAAVGGFTMSSS
1,1,TRB,TRBV11-2*01,TRBD1*01,TRBJ2-1*01,ASRHPGLYNEQF
1,1,TRB,TRBV10-3*01,TRBD2*02,TRBJ2-4*01,FSLCFSSPTYMNTSLFL*LPEG*APNLQIQNRLNQ*KIVC*AK
1,1,TRB,TRBV20-1*05,TRBD1*01,TRBJ2-1*01,C*THRG*TSS
1,1,TRB,TRBV20-1*05,TRBD1*01,TRBJ2-1*01,C*THRGKSSS
1,1,TRB,TRBV20-1*05,TRBD1*01,TRBJ2-1*01,C*THRGKTSS
1,1,TRB,TRBV4-2*01,TRBD2*01,TRBJ2-3*01,ASSLQNVAGAVTDTRQ
1,1,TRB,TRBV6-2*01,TRBD2*02,TRBJ1-5*01,PAVHRERYQPQH
1,1,TRB,TRBV5-1*01,TRBD1*01,TRBJ2-3*01,QRSGGQGCQFLGQAQLTALRT*KTCSPEVAVLSHQKQRSPTPKGHTGAWPQLLPRPRGAELVGEWEGGAVGSAQTR
1,1,TRB,TRBV5-1*01,TRBD1*01,TRBJ2-3*01,QRSGDQGCQFLGQARLTALRT*KTCSPEVAVLSHQKQRSPTPKGHTGAWPQLLPRPRGAELVGEWEGGAVGSAQTR
1,1,TRB,TRBV5-1*01,TRBD1*01,TRBJ2-3*01,QRSGDQGCQFLGQAQLTALRT*KTCSPEVAVLSHQKQRSPTPKGHTGAWPQLLPRPRGAELVGEWEGGAVGSAQTR
1,1,TRB,TRBV5-1*01,TRBD1*01,TRBJ2-3*01,QRSGDQGCQFLGQAQLTALRT*KTCSPEVAVLSHQKQRSPTPKGHTGAWPQLLPRPRGAELVGEWEGGAVGSAQTR
1,1,TRB,TRBV5-1*01,TRBD1*01,TRBJ2-1*01,ASSPGQGRPMSSS
1,1,TRB,TRBV5-1*01,TRBD1*01,TRBJ2-1*01,ASSPGQGRIMSSS
1,1,TRB,TRBV5-1*01,TRBD1*01,TRBJ2-1*01,ASSPGQGRAMSSS
1,1,TRB,TRBV4-2*01,TRBD2*02,TRBJ2-3*01,PAASRT*RERSQIRGS
1,1,TRB,TRBV4-2*01,TRBD2*01,TRBJ2-3*01,PAASRLQQERSQIRGS
1,1,TRB,TRBV25-1*01,TRBD2*02,TRBJ2-3*01,ASSEAGGPDTQY
1,1,TRB,TRBV20-1*05,TRBD1*01,TRBJ2-1*01,C*THRGKTSS
1,1,TRB,TRBV25-1*01,TRBD2*01,TRBJ1-3*01,W
1,1,TRB,TRBV20-1*05,TRBD2*02,TRBJ2-1*01,C*THTGKTSS
1,1,TRB,TRBV20-1*05,TRBD2*01,TRBJ2-1*01,C*TSTGKTSS
1,1,TRB,TRBV20-1*05,TRBD2*01,TRBJ2-1*01,C*RFGGKTSS
1,1,TRB,TRBV20-1*05,TRBD1*01,TRBJ2-1*01,C*TYGGKTSS
1,1,TRB,TRBV20-1*05,TRBD1*01,TRBJ2-1*01,C*THRGMTSS
1,1,TRB,TRBV20-1*05,TRBD1*01,TRBJ2-1*01,C*THRGMSSS
1,1,TRB,TRBV20-1*05,TRBD1*01,TRBJ2-1*01,C*THRGKTSS
1,1,TRB,TRBV20-1*05,TRBD1*01,TRBJ2-1*01,C*THRGKTSS
1,1,TRB,TRBV20-1*05,TRBD1*01,TRBJ2-1*01,C*THRGKTSS
1,1,TRB,TRBV7-9*05,TRBD2*01,TRBJ2-2*01,PAPPAAEPRGL
9,2,TRA,TRAV36/DV7*05,,TRAJ41*01,AVEAQCSLVTCSLYSNS
6,5,TRA,TRAV36/DV7*05,,TRAJ41*01,AVEAQCSLVTCSLYSNS
5,2,TRA,TRAV8-4*01,,TRAJ41*01,CE*G*FQVCTQ
5,2,TRA,TRAV36/DV7*05,,TRAJ41*01,AVEAQCSLVTCSLYSNS
5,1,TRA,TRAV8-2*01,,TRAJ5*01,VVSDTVLETAGE
5,5,TRA,TRAV36/DV7*05,,TRAJ41*01,AVEAQCSLVTCSLYSNS
4,3,TRA,TRAV30*01,,TRAJ13*01,AQRVLGLPESY
4,3,TRA,TRAV36/DV7*01,,TRAJ41*01,CGGTVLPSHLQPVLKF
4,2,TRA,TRAV36/DV7*05,,TRAJ41*01,AVEAQCSLVTCSLYSNS
4,3,TRA,TRAV19*01,,TRAJ39*01,SGQK*TTCSP
4,2,TRA,TRAV36/DV7*05,,TRAJ41*01,AVEAQCSLVTCSLYSNS
4,2,TRA,TRAV36/DV7*05,,TRAJ41*01,AVEAQCSLVTCSLYSNS
3,3,TRA,TRAV22*01,,TRAJ31*01,LWRITMPDS
3,3,TRA,TRAV22*01,,TRAJ31*01,LWRITMPDS
3,3,TRA,TRAV12-1*01,,TRAJ43*01,VGPTQYNNNDMR
3,3,TRA,TRAV38-2/DV8*01,,TRAJ44*01,L*DPLGRHCQ*TH
3,3,TRA,TRAV20*02,,TRAJ20*01,AVSLNDYKTA
3,2,TRA,TRAV36/DV7*05,,TRAJ41*01,AVEAQCSLVTCSLYSNS
3,2,TRA,TRAV36/DV7*05,,TRAJ41*01,AVEAQCSLVTCSLYSNS
3,2,TRA,TRAV13-1*01,,TRAJ35*01,AASRRALGMCC
2,1,TRA,TRAV36/DV7*05,,TRAJ41*01,AVEAQCSLVTCSLYSNS
2,2,TRA,TRAV38-2/DV8*01,,TRAJ44*01,L*DPLGRHCQ*TH
2,2,TRA,TRAV35*01,,TRAJ21*01,AGVQYNFNKFS
2,2,TRA,TRAV30*01,,TRAJ13*01,AQRVLGLPESY
2,2,TRA,TRAV18*01,,TRAJ3*01,Q*QAAIRNRGGSS
2,2,TRA,TRAV14/DV4*02,,TRAJ29*01,Q*ESLIQETHLLS
2,1,TRA,TRAV21*01,,TRAJ28*01,AVRFLSWGWELPTH
1,1,TRA,TRAV36/DV7*05,,TRAJ41*01,AVEAQCSLVTCSLYSNS
1,1,TRA,TRAV12-1*01,,TRAJ43*01,VGPTQYNNNDMR
1,1,TRA,TRAV36/DV7*05,,TRAJ41*01,AVEAQCSLVTCSLYSNS
1,1,TRA,TRAV36/DV7*05,,TRAJ41*01,LWRHSAP*SPAACTQI
1,1,TRA,TRAV39*01,,TRAJ10*01,CVVLGMLLLLLRKK
1,1,TRA,TRAV39*01,,TRAJ27*01,CVVLGMLLLMLRKIKAN
1,1,TRA,TRAV4*01,,TRAJ16*01,LVGDTQ*DRW
1,1,TRA,TRAV4*01,,TRAJ24*01,LVGATQYDSW
1,1,TRA,TRAV7*01,,TRAJ10*01,GGLAGVLFPAELGG
1,1,TRA,TRAV8-2*01,,TRAJ5*01,VVSDTVLETAGE
1,1,TRA,TRAV8-2*01,,TRAJ5*01,VVSDTVLETAGE
1,1,TRA,TRAV36/DV7*05,,TRAJ41*01,AVEAQCSLVTCSLYSNS
1,1,TRA,TRAV36/DV7*01,,TRAJ41*01,AVEAQCSLVTCSLYSNS
1,1,TRA,TRAV36/DV7*05,,TRAJ41*01,AVEAQCSLVTCSLYSNS
1,1,TRA,TRAV36/DV7*01,,TRAJ41*01,CGGTVLPSHLQPVLKF
1,1,TRA,TRAV14/DV4*02,,TRAJ29*01,Q*ESLIQETHLLS
1,1,TRA,TRAV18*01,,TRAJ3*01,Q*QAAIRNRGGSS
1,1,TRA,TRAV19*01,,TRAJ39*01,SGQK*TTCSP
1,1,TRA,TRAV19*01,,TRAJ39*01,SGQK*TTCSP
1,1,TRA,TRAV20*02,,TRAJ20*01,AVSLNDYKTA
1,1,TRA,TRAV21*01,,TRAJ28*01,AVRFLSWGWELPTH
1,1,TRA,TRAV21*01,,TRAJ28*01,AVRFLSWGWELPTH
1,1,TRA,TRAV21*01,,TRAJ28*01,AVRFLSWGWELPTH
1,1,TRA,TRAV21*01,,TRAJ28*01,AVRFLSWGWELPTH
1,1,TRA,TRAV27*02,,TRAJ28*01,APQMYQL
1,1,TRA,TRAV27*02,,TRAJ28*01,APQMYQL
1,1,TRA,TRAV27*02,,TRAJ28*01,APQMYQL
1,1,TRA,TRAV27*02,,TRAJ28*01,APQMYQL
1,1,TRA,TRAV29/DV5*01,,TRAJ41*01,SQYALN
1,1,TRA,TRAV29/DV5*01,,TRAJ41*01,SQYALN
1,1,TRA,TRAV29/DV5*01,,TRAJ41*01,SQYALN
1,1,TRA,TRAV29/DV5*01,,TRAJ41*01,SQYALN
1,1,TRA,TRAV30*01,,TRAJ13*01,AQRVLGLPESY
1,1,TRA,TRAV36/DV7*01,,TRAJ41*01,CGGTVLPSHLQPVLKF
1,1,TRA,TRAV8-4*01,,TRAJ41*01,CE*G*FQVCTQ
