Spatial Barcode,Uncorrected Count,UMI Corrected,Locus,V,D,J,CDR3_aa
TGCTCTTGAGAGTTTG,12,7,TRB,TRBV7-3*01,TRBD1*01,TRBJ1-1*01,ASSLTPVRQPNTEAF
CAAACTCTCAAGAGCA,12,5,TRB,TRBV7-3*01,TRBD1*01,TRBJ1-1*01,ASSLTPVRQPNTEAF
ATAGCGCGACTAGTGC,11,5,TRB,TRBV7-2*01,TRBD1*01,TRBJ1-1*01,QQLPGQGH*SF
AGATTCAAGCGGGTCG,8,3,TRB,TRBV21-1*01,TRBD1*01,TRBJ1-3*01,ASSMVELDRGMETPY
GGTCCAAAGGGCTTTC,8,5,TRB,TRBV5-1*01,TRBD1*01,TRBJ2-1*01,ASSPGQGRAMSSS
GCACTAGTCGCGCTAT,7,5,TRB,TRBV7-2*01,TRBD1*01,TRBJ1-1*01,QQLPGQGH*SF
CTACATATATGTCTAG,7,7,TRB,TRBV4-2*01,TRBD2*01,TRBJ2-3*01,PAASRT*QERSQIRGS
CGACCCGCTTGAATCT,6,4,TRB,TRBV21-1*01,TRBD1*01,TRBJ1-3*01,ASSMVELDRGMETPY
CAACCACTTCTCACTA,6,3,TRB,TRBV20-1*05,TRBD1*01,TRBJ2-1*01,C*THRGMTSS
TTATGCGTCCCGGTCC,6,6,TRB,TRBV27*01,TRBD1*01,TRBJ1-4*01,QQPRQP**KL
GAAAGCCCTTTGGACC,5,3,TRB,TRBV5-1*01,TRBD1*01,TRBJ2-1*01,ASSPGQGRAMSSS
GATATGGATTACGCGG,5,1,TRB,TRBV7-9*03,TRBD2*01,TRBJ2-2*01,PAATAAERAGTV
GACGAACGGTAGATCC,5,3,TRB,TRBV7-3*01,TRBD1*01,TRBJ2-1*01,ASSLMAGGNNEQF
CTTAAGACGTGACTAG,5,3,TRB,TRBV20-1*05,TRBD1*01,TRBJ2-1*01,C*THRGMTSS
CTGATGGTGATATTTC,5,3,TRB,TRBV20-1*05,TRBD1*01,TRBJ2-1*01,C*THRGMTSS
GCATACGAGGTCTTTA,5,1,TRB,TRBV20-1*05,TRBD1*01,TRBJ2-1*01,C*THRGMTSS
CAACCACTTCTCACTA,5,4,TRB,TRBV12-4*01,TRBD1*01,TRBJ1-2*01,PAAQDRAMATP
TAAGACAGCGCGTGTG,4,3,TRB,TRBV20-1*05,TRBD1*01,TRBJ2-1*01,C*THRGMTSS
TGCAGAACTATATCGT,4,2,TRB,TRBV7-2*01,TRBD1*01,TRBJ1-1*01,QQLPGQGH*SF
GGCTAGCCCGTTCACC,4,3,TRB,TRBV7-9*03,TRBD2*01,TRBJ2-2*01,PAATAAEPRGL
ACCGGTCTGAGTACGG,4,2,TRB,TRBV12-2*01,TRBD1*01,TRBJ2-3*01,NVFPPEVAVFEPSEAEISHTQRHTGVPGHRLLPRPRGAELVGEWEGGAQWGQHRPA
GATCGAAAGGAGGGAG,4,2,TRB,TRBV7-2*01,TRBD1*01,TRBJ1-1*01,QQLPGQGH*SF
GTGGAGCACGTTTCAC,4,1,TRB,TRBV4-3*01,TRBD2*02,TRBJ1-6*01,ASSQPGNVNSPLH
TCGCATCCCTAAGTGT,4,4,TRB,TRBV25-1*01,TRBD2*02,TRBJ2-3*01,QQ*GGRTRYAV
GGACCGGGACGCATAA,4,3,TRB,TRBV27*01,TRBD1*01,TRBJ1-4*01,QQPRQP**KL
GCCAGGCTGGATATAG,4,3,TRB,TRBV6-2*01,TRBD2*02,TRBJ1-5*01,ASSSPGEISAPA
TAGTGAGAAGTGGTTG,3,1,TRB,TRBV12-4*01,TRBD1*01,TRBJ1-2*01,PAAQDRAMATP
GGTTTAATTGAGCAGG,3,3,TRB,TRBV7-9*03,TRBD2*01,TRBJ2-2*01,PAATAAEHAGTV
AGCCAAGCTTCTTATG,3,2,TRB,TRBV11-2*01,TRBD1*01,TRBJ2-1*01,PAAVGGSTMSSS
CATAAGAAGCTTGGCT,3,2,TRB,TRBV11-2*01,TRBD1*01,TRBJ2-1*01,PAAVGGSTMSSS
ACACTTAGGGATGCGA,3,2,TRB,TRBV25-1*01,TRBD2*02,TRBJ2-3*01,QQ*GGRTRYAV
CTCCCTCCTTTCGATC,3,2,TRB,TRBV7-2*01,TRBD1*01,TRBJ1-1*01,QQLPGQGH*SF
CCGCGTAATCCATATC,3,2,TRB,TRBV7-9*03,TRBD2*01,TRBJ2-2*01,PAATAAERAGTV
TTGACGCGCTCCCAGC,3,3,TRB,TRBV10-3*01,TRBD1*01,TRBJ2-7*01,PSV*QGTSST
GGTTTAATTGAGCAGG,3,3,TRB,TRBV7-9*03,TRBD2*01,TRBJ2-2*01,PAATAAERAGTV
CATAAGGCAGAATCCG,3,2,TRB,TRBV20-1*01,TRBD1*01,TRBJ2-1*01,VLDSQGNDQF
GTGAAACGTGCTCCAC,3,1,TRB,TRBV4-3*01,TRBD2*02,TRBJ1-6*01,ASSQPGNVNSPLH
GCTGGGAGCGCGTCAA,3,2,TRB,TRBV10-3*01,TRBD1*01,TRBJ2-7*01,PSV*QGTSST
TAAAGACCTCGTATGC,3,3,TRB,TRBV20-1*05,TRBD1*01,TRBJ2-1*01,C*THRGMTSS
CTATATCCAGCCTGGC,3,2,TRB,TRBV6-2*01,TRBD2*02,TRBJ1-5*01,ASSSPGEISAPA
GCTGCCGACTCGTGCA,3,3,TRB,TRBV7-2*01,TRBD1*01,TRBJ1-1*01,QQLPGQGH*SF
GGATCTACCGTTCGTC,2,1,TRB,TRBV7-3*01,TRBD1*01,TRBJ2-1*01,ASSLMAGGNNEQF
GCATGCTTCGACTGCT,2,2,TRB,TRBV5-4*01,TRBD1*01,TRBJ2-7*01,PAAPNRWPTSST
CTAGACATATATGTAG,2,1,TRB,TRBV4-2*01,TRBD2*01,TRBJ2-3*01,PAASRT*QERSQIRGS
AGCAGTCGAAGCATGC,2,1,TRB,TRBV5-4*01,TRBD1*01,TRBJ2-7*01,PAAPNRWPTSST
CCCAGGGATGATGCTC,2,2,TRB,TRBV5-1*01,TRBD1*01,TRBJ2-1*01,ASSPGQGRAMSSS
ACGATATAGTTCTGCA,2,2,TRB,TRBV7-2*01,TRBD1*01,TRBJ1-1*01,QQLPGQGH*SF
GTTGAGTCCCGCCGGT,2,2,TRB,TRBV20-1*05,TRBD1*01,TRBJ2-1*01,C*THRGMTSS
ACCGGCGGGACTCAAC,2,2,TRB,TRBV20-1*05,TRBD1*01,TRBJ2-1*01,C*THRGMTSS
CGGATTCTGCCTTATG,2,1,TRB,TRBV20-1*01,TRBD1*01,TRBJ2-1*01,VLDSQGNDQF
CTCATTCGGATGCCAG,2,2,TRB,TRBV7-9*03,TRBD2*01,TRBJ2-2*01,PAATAAELAGTV
CTTAAGACGTGACTAG,2,2,TRB,TRBV20-1*05,TRBD1*01,TRBJ2-1*01,C*THRGMSSS
GTGACCCGGATAGTGG,2,1,TRB,TRBV14*01,TRBD2*01,TRBJ2-3*01,GVLPEGGRDPQAAAQAV
GGTGAACGGGCTAGCC,2,2,TRB,TRBV7-9*03,TRBD2*01,TRBJ2-2*01,PAATAAEHAGTV
CCGTACTCAGACCGGT,2,2,TRB,TRBV12-2*01,TRBD1*01,TRBJ2-3*01,NVFPPEVAVFEPSEAEISHTQRHTGVPGHRLLPRPRGAELVGEWEGGAQWGQHRPA
GGCTAGCCCGTTCACC,1,1,TRB,TRBV7-9*03,TRBD2*01,TRBJ2-2*01,PAATAAERAGTV
GCTGGTGACTCGTAGT,1,1,TRB,TRBV7-9*03,TRBD2*01,TRBJ2-2*01,PAATAAERAGTV
ACTACGAGTCACCAGC,1,1,TRB,TRBV7-9*03,TRBD2*01,TRBJ2-2*01,PAATAPELAGTV
GGTTTAATTGAGCAGG,1,1,TRB,TRBV7-9*03,TRBD2*01,TRBJ2-2*01,PAATASELAGTV
AAGATGGCACCGGACC,1,1,TRB,TRBV7-9*03,TRBD2*01,TRBJ2-2*01,PAATAAEPRGL
ACTACGAGTCACCAGC,1,1,TRB,TRBV7-9*03,TRBD2*01,TRBJ2-2*01,PAATAAERAGTV
TGCACGAGTCGGCAGC,1,1,TRB,TRBV7-2*01,TRBD1*01,TRBJ1-1*01,QQLPGQGH*SF
GGTGAACGGGCTAGCC,1,1,TRB,TRBV7-9*03,TRBD2*01,TRBJ2-2*01,PAATAAEPRGL
CCGCGTAATCCATATC,1,1,TRB,TRBV7-9*03,TRBD2*01,TRBJ2-2*01,PAATPAEHAGTV
CCGCGTAATCCATATC,1,1,TRB,TRBV7-9*03,TRBD2*01,TRBJ2-3*01,PAATAAESAGTV
TTGGGAAGACGAGCCG,1,1,TRB,TRBV7-2*01,TRBD1*01,TRBJ1-1*01,QQLPGQGH*SF
TGCAGAACTATATCGT,1,1,TRB,TRBV7-2*01,TRBD1*01,TRBJ1-1*01,QQLRGQGH*SF
CTCCCTCCTTTCGATC,1,1,TRB,TRBV7-2*01,TRBD1*01,TRBJ1-1*01,QQPPGQGH*SF
GCTGGTGACTCGTAGT,1,1,TRB,TRBV7-9*03,TRBD2*01,TRBJ2-2*01,PAATAAEPRGL
GGTGAACGGGCTAGCC,1,1,TRB,TRBV7-9*03,TRBD2*01,TRBJ2-2*01,PAATAAELAGTV
CTCATTCGGATGCCAG,1,1,TRB,TRBV7-9*03,TRBD2*01,TRBJ2-2*01,PAATAAELPGTV
TGCAGAACTATATCGT,1,1,TRB,TRBV7-2*01,TRBD1*01,TRBJ1-1*01,QRFRGQGH*SF
AAGGGCGCTCGCAGAA,1,1,TRB,TRBV7-9*01,TRBD2*01,TRBJ2-2*01,PAASAAEPAGTV
CTGGCATCCGAATGAG,1,1,TRB,TRBV7-9*03,TRBD2*01,TRBJ2-2*01,PAATAAELAGTV
CTCATTCGGATGCCAG,1,1,TRB,TRBV7-9*03,TRBD2*01,TRBJ2-2*01,PAATAAELAGTF
TCTTTCTCTTAAGGAG,1,1,TRB,TRBV7-3*01,TRBD1*01,TRBJ1-1*01,ASSLTPVRQPNTEAF
TACGGAAGCCAAACCA,1,1,TRB,TRBV7-9*03,TRBD2*01,TRBJ2-2*01,PAATAAEHAGTV
GGCTAGCCCGTTCACC,1,1,TRB,TRBV7-9*03,TRBD2*01,TRBJ2-2*01,PAATAAEHAGTV
TGCTCTTGAGAGTTTG,1,1,TRB,TRBV7-3*01,TRBD1*01,TRBJ1-1*01,VSSLTPVRQPNTEAF
CCCTACTTGAACAATG,1,1,TRB,TRBV7-3*01,TRBD1*01,TRBJ2-1*01,ASS*MGWGRYEQF
CCTGCTCAATTAAACC,1,1,TRB,TRBV7-9*03,TRBD2*01,TRBJ2-2*01,PAATAAEHAGTV
CCGCGTAATCCATATC,1,1,TRB,TRBV7-9*03,TRBD2*01,TRBJ2-2*01,PAATAAEHAGTV
ACTATCAATTATACCT,1,1,TRB,TRBV7-9*03,TRBD2*01,TRBJ2-2*01,PAATAAEHAGTV
ACGATATAGTTCTGCA,1,1,TRB,TRBV7-2*01,TRBD1*01,TRBJ1-1*01,QHLPGQGH*SF
AAGGGCGCTCGCAGAA,1,1,TRB,TRBV7-9*01,TRBD1*01,TRBJ2-2*01,PAATAAEPAGTV
TTCTGCGAGCGCCCTT,1,1,TRB,TRBV7-9*01,TRBD2*01,TRBJ2-2*01,PAATAAELAGTV
GACTGCTGGTGAGAAA,1,1,TRB,TRBV10-3*01,TRBD1*01,TRBJ2-7*01,PSV*QGTSST
TCTCATGAGATAGGGT,1,1,TRB,TRBV6-5*01,TRBD1*01,TRBJ2-1*01,ASSYRAPRGYNEQF
TGGTGCATGGACAGAG,1,1,TRB,TRBV14*01,TRBD2*01,TRBJ2-3*01,GVLPEGGRDPQAAAQAV
CACACGCGCTGTCTTA,1,1,TRB,TRBV20-1*05,TRBD1*01,TRBJ2-1*01,C*THRGMTCS
TAAAGACCTCGTATGC,1,1,TRB,TRBV20-1*05,TRBD1*01,TRBJ2-1*01,C*THRGLTSS
TAGTGAGAAGTGGTTG,1,1,TRB,TRBV20-1*05,TRBD1*01,TRBJ2-1*01,C*THR*MTSS
TAAGACAGCGCGTGTG,1,1,TRB,TRBV20-1*05,TRBD1*01,TRBJ2-1*01,C*KHRGMTSS
CACACGCGCTGTCTTA,1,1,TRB,TRBV20-1*05,TRBD1*01,TRBJ1-4*01,C*THRGINC
TTTCTCACCAGCAGTC,1,1,TRB,TRBV2*01,TRBD1*01,TRBJ2-7*01,ASSQRSVGTAA
GTGGTCAGCGAAGTAT,1,1,TRB,TRBV19*01,TRBD2*02,TRBJ1-3*01,KQQ*GNRGGRVFGSSSAILIINSGRIHCALPGGTEVVAATSWGWESSS
GGTCGGCCAGGAGCTT,1,1,TRB,TRBV19*01,TRBD2*02,TRBJ1-3*01,KQQ*GNRGGRVFGSSSAILIINSGRIHCALPGGTEVVAATSWGWESSS
CGGGAAGAAGTCGGGC,1,1,TRB,TRBV19*01,TRBD2*02,TRBJ1-3*01,KQQ*GNRGGRVFGSSSAILIINSGRIHCALPGGTEVVAATSWGWESSS
AGGCCTATCAGGTACG,1,1,TRB,TRBV19*01,TRBD2*02,TRBJ1-3*01,KQQ*GNRGGRVFGSSSAILIINSGRIHCALPGGTEVVAATSWGWESSS
TGGTAGAGATCCATTG,1,1,TRB,TRBV14*01,TRBD2*01,TRBJ2-3*01,GVLPEGGRDPQAAAQAV
CTTGAGTTAGGGTAAT,1,1,TRB,TRBV6-2*01,TRBD2*02,TRBJ2-1*01,QQFTGRDIRAS
TCTTGTCGTACTAAGT,1,1,TRB,TRBV14*01,TRBD2*01,TRBJ2-3*01,GVLPEGGRDPQAAAQAV
AAACACAGCATTACCC,1,1,TRB,TRBV14*01,TRBD2*01,TRBJ2-3*01,GVLPEGGRDPQAAAQAV
TGTACATGTTTAAGTA,1,1,TRB,TRBV14*01,TRBD1*01,TRBJ1-6*01,GPP
ACTTAGTACGACAAGA,1,1,TRB,TRBV14*01,TRBD1*01,TRBJ1-3*01,*EMRSRVRIF*STQIGSRYRRILVRMKNDLVRFWSCPLE
CCGACTCGCATAGTCT,1,1,TRB,TRBV14*01,TRBD1*01,TRBJ1-3*01,*EMRSRVRIF*STQIGSRYLRTMTRMKNDLLW
GTGATCAAGCGTGCAC,1,1,TRB,TRBV14*01,TRBD1*01,TRBJ1-3*01,*EMRSRVRIF*STQIGRWYLRIMTRMKNDLGW
TGACACTTCTCTTTGC,1,1,TRB,TRBV12-4*01,TRBD1*01,TRBJ1-2*01,PAAQDRAMATP
TAGTGAGAAGTGGTTG,1,1,TRB,TRBV12-3*01,TRBD2*01,TRBJ2-7*01,QRFY*HTLRQY
AGCCAAGCTTCTTATG,1,1,TRB,TRBV11-2*01,TRBD1*01,TRBJ2-1*01,PAAVGGFTMSSS
GTGGAGTGCGGTTGGT,1,1,TRB,TRBV11-2*01,TRBD1*01,TRBJ2-1*01,ASRHPGLYNEQF
TAAGACAGCGCGTGTG,1,1,TRB,TRBV20-1*05,TRBD1*01,TRBJ2-1*01,C*THRGMTS
CACACGCGCTGTCTTA,1,1,TRB,TRBV20-1*05,TRBD1*01,TRBJ2-1*01,C*THRGMTSS
CTTATAAGCCATGGCA,1,1,TRB,TRBV20-1*05,TRBD1*01,TRBJ2-1*01,C*THRGMTSS
GAAATATCACCATCAG,1,1,TRB,TRBV20-1*05,TRBD1*01,TRBJ2-1*01,C*THRGMTSS
ACCCGTACGCCCGTTT,1,1,TRB,TRBV6-2*01,TRBD2*02,TRBJ1-5*01,QQFTGRDISPS
GGTGGGATTAGGTCCC,1,1,TRB,TRBV6-2*01,TRBD2*02,TRBJ1-5*01,PAVHRERYQPQH
ACCCGTACGCCCGTTT,1,1,TRB,TRBV6-2*01,TRBD2*02,TRBJ1-5*01,PAVHRERYQPQH
AAACGGGCGTACGGGT,1,1,TRB,TRBV6-2*01,TRBD2*02,TRBJ1-5*01,PAVHRERYQPQH
ATAAGGTGGAGAACAT,1,1,TRB,TRBV5-1*01,TRBD1*01,TRBJ2-3*01,QRSGGQGCQFLGQAQLTALRT*KTCSPEVAVLSHQKQRSPTPKGHTGAWPQLLPRPRGAELVGEWEGGAVGSAQTR
GGTCCAAAGGGCTTTC,1,1,TRB,TRBV5-1*01,TRBD1*01,TRBJ2-3*01,QRSGDQGCQFLGQARLTALRT*KTCSPEVAVLSHQKQRSPTPKGHTGAWPQLLPRPRGAELVGEWEGGAVGSAQTR
TGGAACGTCTAGAGCT,1,1,TRB,TRBV5-1*01,TRBD1*01,TRBJ2-3*01,QRSGDQGCQFLGQAQLTALRT*KTCSPEVAVLSHQKQRSPTPKGHTGAWPQLLPRPRGAELVGEWEGGAVGSAQTR
CCCAGGGATGATGCTC,1,1,TRB,TRBV5-1*01,TRBD1*01,TRBJ2-3*01,QRSGDQGCQFLGQAQLTALRT*KTCSPEVAVLSHQKQRSPTPKGHTGAWPQLLPRPRGAELVGEWEGGAVGSAQTR
ATGTTCTCCACCTTAT,1,1,TRB,TRBV5-1*01,TRBD1*01,TRBJ2-1*01,ASSPGQGRPMSSS
CCCAGGGATGATGCTC,1,1,TRB,TRBV5-1*01,TRBD1*01,TRBJ2-1*01,ASSPGQGRIMSSS
CAAATAGACGTGGACC,1,1,TRB,TRBV5-1*01,TRBD1*01,TRBJ2-1*01,ASSPGQGRAMSSS
CTAGACATATATGTAG,1,1,TRB,TRBV4-2*01,TRBD2*02,TRBJ2-3*01,PAASRT*RERSQIRGS
TTGTTACATTGGTGGT,1,1,TRB,TRBV4-2*01,TRBD2*01,TRBJ2-3*01,PAASRLQQERSQIRGS
GTGGAGCACGTTTCAC,1,1,TRB,TRBV4-2*01,TRBD2*01,TRBJ2-3*01,ASSLQNVAGAVTDTRQ
GTGGAGTGCGGTTGGT,1,1,TRB,TRBV25-1*01,TRBD2*02,TRBJ2-3*01,ASSEAGGPDTQY
GGCGCAGGACATCTTC,1,1,TRB,TRBV25-1*01,TRBD2*01,TRBJ1-3*01,W
GCCAGTTGCAAAGGCC,1,1,TRB,TRBV20-1*05,TRBD2*01,TRBJ2-1*01,C*TSTGMTSS
ACCGGCGGGACTCAAC,1,1,TRB,TRBV20-1*05,TRBD2*01,TRBJ2-1*01,C*RFGGMTSS
TGTATGAGTTCCACTA,1,1,TRB,TRBV20-1*05,TRBD1*01,TRBJ2-1*01,C*TYGGMTSS
GCAACCAGCTTCTGAT,1,1,TRB,TRBV20-1*05,TRBD1*01,TRBJ2-1*01,C*THRGMTSS
GACTTGTACAGAACGT,1,1,TRB,TRBV20-1*05,TRBD1*01,TRBJ2-1*01,C*THRGMTSS
GGTGAACGGGCTAGCC,1,1,TRB,TRBV7-9*05,TRBD2*01,TRBJ2-2*01,PAPPAAEPRGL
GTCAGACGCTGACGGG,9,2,TRA,TRAV36/DV7*05,,TRAJ41*01,AVEAQCSLVTCSLYSNS
CACCCTTGCATGGATT,6,5,TRA,TRAV36/DV7*05,,TRAJ41*01,AVEAQCSLVTCSLYSNS
TGACCGATGTCAGGCA,5,2,TRA,TRAV8-4*01,,TRAJ41*01,CE*G*FQVCTQ
TAAGCAGGCGACACGC,5,2,TRA,TRAV36/DV7*05,,TRAJ41*01,AVEAQCSLVTCSLYSNS
CACTACTCAGTTCTGT,5,1,TRA,TRAV8-2*01,,TRAJ5*01,VVSDTVLETAGE
TCTTGAACGATAAATG,5,5,TRA,TRAV36/DV7*05,,TRAJ41*01,AVEAQCSLVTCSLYSNS
GATCCTCTTGCGCTTA,4,3,TRA,TRAV30*01,,TRAJ13*01,AQRVLGLPESY
GACTCGCGGGAATGAC,4,3,TRA,TRAV36/DV7*01,,TRAJ41*01,CGGTVLPSHLQPVLKF
GTAGTGGACATGTGCG,4,2,TRA,TRAV36/DV7*05,,TRAJ41*01,AVEAQCSLVTCSLYSNS
TAGCGATCCCATGGTT,4,3,TRA,TRAV19*01,,TRAJ39*01,SGQK*TTCSP
CTTATAAGTTCTCCTT,4,2,TRA,TRAV36/DV7*05,,TRAJ41*01,AVEAQCSLVTCSLYSNS
GCGTGTCGCCTGCTTA,4,2,TRA,TRAV36/DV7*05,,TRAJ41*01,AVEAQCSLVTCSLYSNS
TCGTTGGCTCGTCAAT,3,3,TRA,TRAV22*01,,TRAJ31*01,LWRITMPDS
ATTGACGAGCCAACGA,3,3,TRA,TRAV22*01,,TRAJ31*01,LWRITMPDS
CAGCAGTCTGTGCTGC,3,3,TRA,TRAV12-1*01,,TRAJ43*01,VGPTQYNNNDMR
CTAACTGATCCTTCTT,3,3,TRA,TRAV38-2/DV8*01,,TRAJ44*01,L*DPLGRHCQ*TH
GATCTACTAGCACAGT,3,3,TRA,TRAV20*02,,TRAJ20*01,AVSLNDYKTA
AAGGAGAACTTATAAG,3,2,TRA,TRAV36/DV7*05,,TRAJ41*01,AVEAQCSLVTCSLYSNS
AATCCATGCAAGGGTG,3,2,TRA,TRAV36/DV7*05,,TRAJ41*01,AVEAQCSLVTCSLYSNS
TCTCAGTGTAGCAGGC,3,2,TRA,TRAV13-1*01,,TRAJ35*01,AASRRALGMCC
CCCGTCAGCGTCTGAC,2,1,TRA,TRAV36/DV7*05,,TRAJ41*01,AVEAQCSLVTCSLYSNS
AAGAAGGATCAGTTAG,2,2,TRA,TRAV38-2/DV8*01,,TRAJ44*01,L*DPLGRHCQ*TH
GGCGGCGAGGCTCACT,2,2,TRA,TRAV35*01,,TRAJ21*01,AGVQYNFNKFS
TAAGCGCAAGAGGATC,2,2,TRA,TRAV30*01,,TRAJ13*01,AQRVLGLPESY
CAGAATAACACACGGA,2,2,TRA,TRAV18*01,,TRAJ3*01,Q*QAAIRNRGGSS
AGCTTATAGAGACCTG,2,2,TRA,TRAV14/DV4*02,,TRAJ29*01,Q*ESLIQETHLLS
GGACCGGGACGCATAA,2,1,TRA,TRAV21*01,,TRAJ28*01,AVRFLSWGWELPTH
GCATGCTTCGACTGCT,1,1,TRA,TRAV36/DV7*05,,TRAJ41*01,AVEAQCSLVTCSLYSNS
ATTGATGAGGAGCGCC,1,1,TRA,TRAV12-1*01,,TRAJ43*01,VGPTQYNNNDMR
TATCGACGCGAATATA,1,1,TRA,TRAV36/DV7*05,,TRAJ41*01,AVEAQCSLVTCSLYSNS
GCGTGTCGCCTGCTTA,1,1,TRA,TRAV36/DV7*05,,TRAJ41*01,LWRHSAP*SPAACTQI
GTGAGGACACTTAAGG,1,1,TRA,TRAV39*01,,TRAJ10*01,CVVLGMLLLLLRKK
ACGATGGATCCGATGC,1,1,TRA,TRAV39*01,,TRAJ27*01,CVVLGMLLLMLRKIKAN
TAATTTGCTGGCGAGG,1,1,TRA,TRAV4*01,,TRAJ16*01,LVGDTQ*DRW
TCCGAACTTGGCTTAC,1,1,TRA,TRAV4*01,,TRAJ24*01,LVGATQYDSW
TACATTTCTAACGTGC,1,1,TRA,TRAV7*01,,TRAJ10*01,GGLAGVLFPAELGG
AACGCTGTTGCTGAAA,1,1,TRA,TRAV8-2*01,,TRAJ5*01,VVSDTVLETAGE
CCCTACATTCGGCGAG,1,1,TRA,TRAV8-2*01,,TRAJ5*01,VVSDTVLETAGE
CGTAGCCTGACATATG,1,1,TRA,TRAV36/DV7*05,,TRAJ41*01,AVEAQCSLVTCSLYSNS
CTAAGTACAGGGCTAC,1,1,TRA,TRAV36/DV7*01,,TRAJ41*01,AVEAQCSLVTCSLYSNS
CATTTATCGTTCAAGA,1,1,TRA,TRAV36/DV7*05,,TRAJ41*01,AVEAQCSLVTCSLYSNS
TTCGCGGCCGCGTGTT,1,1,TRA,TRAV36/DV7*01,,TRAJ41*01,CGGTVLPSHLQPVLKF
TCAAACTTAGATTGTT,1,1,TRA,TRAV14/DV4*02,,TRAJ29*01,Q*ESLIQETHLLS
GACTGATTGGTCACAA,1,1,TRA,TRAV18*01,,TRAJ3*01,Q*QAAIRNRGGSS
GGTGAGATGCAGATAA,1,1,TRA,TRAV19*01,,TRAJ39*01,SGQK*TTCSP
TGATTCTGTCGCCGGT,1,1,TRA,TRAV19*01,,TRAJ39*01,SGQK*TTCSP
ACTGTGCTAGTAGATC,1,1,TRA,TRAV20*02,,TRAJ20*01,AVSLNDYKTA
AAGGAACCAGGTTTAA,1,1,TRA,TRAV21*01,,TRAJ28*01,AVRFLSWGWELPTH
GCCTGTCCCGGTGCAT,1,1,TRA,TRAV21*01,,TRAJ28*01,AVRFLSWGWELPTH
TAAGAGGGACAGGGAC,1,1,TRA,TRAV21*01,,TRAJ28*01,AVRFLSWGWELPTH
TGCGCCCGTGTTATAT,1,1,TRA,TRAV21*01,,TRAJ28*01,AVRFLSWGWELPTH
AACGATTGCTCTGCCC,1,1,TRA,TRAV27*02,,TRAJ28*01,APQMYQL
AGGCCTATCAGGTACG,1,1,TRA,TRAV27*02,,TRAJ28*01,APQMYQL
GACAATAGGACCGCCC,1,1,TRA,TRAV27*02,,TRAJ28*01,APQMYQL
TGGGTTTCGCCGAGCA,1,1,TRA,TRAV27*02,,TRAJ28*01,APQMYQL
ATTGATGAGGAGCGCC,1,1,TRA,TRAV29/DV5*01,,TRAJ41*01,SQYALN
CCGCGTAATCCATATC,1,1,TRA,TRAV29/DV5*01,,TRAJ41*01,SQYALN
CTTTCTCTTCGTCTAT,1,1,TRA,TRAV29/DV5*01,,TRAJ41*01,SQYALN
GGCGCTCCTCATCAAT,1,1,TRA,TRAV29/DV5*01,,TRAJ41*01,SQYALN
GTATAAAGCGCCAAAG,1,1,TRA,TRAV30*01,,TRAJ13*01,AQRVLGLPESY
GTCATTCCCGCGAGTC,1,1,TRA,TRAV36/DV7*01,,TRAJ41*01,CGGTVLPSHLQPVLKF
TGCCTGACATCGGTCA,1,1,TRA,TRAV8-4*01,,TRAJ41*01,CE*G*FQVCTQ
